-- MySQL dump 10.13  Distrib 8.0.36, for Win64 (x86_64)
--
-- Host: 127.0.0.1    Database: cooking_competition
-- ------------------------------------------------------
-- Server version	5.5.5-10.4.32-MariaDB

/*!40101 SET @OLD_CHARACTER_SET_CLIENT=@@CHARACTER_SET_CLIENT */;
/*!40101 SET @OLD_CHARACTER_SET_RESULTS=@@CHARACTER_SET_RESULTS */;
/*!40101 SET @OLD_COLLATION_CONNECTION=@@COLLATION_CONNECTION */;
/*!50503 SET NAMES utf8 */;
/*!40103 SET @OLD_TIME_ZONE=@@TIME_ZONE */;
/*!40103 SET TIME_ZONE='+00:00' */;
/*!40014 SET @OLD_UNIQUE_CHECKS=@@UNIQUE_CHECKS, UNIQUE_CHECKS=0 */;
/*!40014 SET @OLD_FOREIGN_KEY_CHECKS=@@FOREIGN_KEY_CHECKS, FOREIGN_KEY_CHECKS=0 */;
/*!40101 SET @OLD_SQL_MODE=@@SQL_MODE, SQL_MODE='NO_AUTO_VALUE_ON_ZERO' */;
/*!40111 SET @OLD_SQL_NOTES=@@SQL_NOTES, SQL_NOTES=0 */;

--
-- Table structure for table `cook`
--

DROP TABLE IF EXISTS `cook`;
/*!40101 SET @saved_cs_client     = @@character_set_client */;
/*!50503 SET character_set_client = utf8mb4 */;
CREATE TABLE `cook` (
  `Cook_ID` int(10) unsigned NOT NULL AUTO_INCREMENT,
  `Cook_Name` varchar(50) DEFAULT NULL,
  `Surname` varchar(50) DEFAULT NULL,
  `Phone` varchar(20) DEFAULT NULL,
  `DateOfBirth` date DEFAULT NULL,
  `Age` int(11) DEFAULT NULL,
  `Experience` int(11) DEFAULT NULL,
  `Rank` enum('C'' Cook','B'' Cook','A'' Cook','Sous-Chef','Head Chef') DEFAULT NULL,
  PRIMARY KEY (`Cook_ID`)
) ENGINE=InnoDB AUTO_INCREMENT=3121065 DEFAULT CHARSET=utf8mb4 COLLATE=utf8mb4_general_ci;
/*!40101 SET character_set_client = @saved_cs_client */;

--
-- Dumping data for table `cook`
--

LOCK TABLES `cook` WRITE;
/*!40000 ALTER TABLE `cook` DISABLE KEYS */;
INSERT INTO `cook` VALUES (3121001,'Akis','Petretzikis','2118675463','1984-03-04',40,20,'Head Chef'),(3121002,'Gogo','Delogianni','2103874625','1993-10-12',31,4,'Head Chef'),(3121003,'Dimitris ','Skarmoutsos','2118670983','1970-06-10',54,15,'Sous-Chef'),(3121004,'Michael','Kalavrinos','2112007881','1968-07-22',56,24,'Head Chef'),(3121005,'Lefteris','Lazarou','2134786599','1960-05-30',64,31,'Head Chef'),(3121006,'Giannis ','Loucatos','2104389760','1973-11-19',50,32,'C\' Cook'),(3121007,'Sotiris','Kontizas','2117685943','1983-03-05',41,21,'A\' Cook'),(3121008,'Panos','Ioannidis','2103647889','1975-12-30',48,11,'Sous-Chef'),(3121009,'Selim','Selguk','2117256790','2000-08-08',24,15,'B\' Cook'),(3121010,'Nikos','Trakas','2101234567','1999-04-12',25,17,'C\' Cook'),(3121011,'Maria','Bey','2119876543','1998-03-10',26,16,'Sous-Chef'),(3121012,'Dimitris ','Bellos','2112345678','1990-01-10',34,3,'B\' Cook'),(3121013,'Dimitris ','Tsikilis','2139876543','2001-07-01',23,8,'C\' Cook'),(3121014,'Jeremy','Ambrosiadis','2106789012','1997-11-09',27,18,'A\' Cook'),(3121015,'Margarita','Nikolaidi','2118765432','1993-10-03',31,16,'A\' Cook'),(3121016,'Leonidas','Koutsopoulos','2133456789','1982-11-09',42,15,'A\' Cook'),(3121017,'Stauros','Varthalitis','2109876543','1992-06-04',32,17,'B\' Cook'),(3121018,'Stauros','Georgiou','2131234567','1990-02-13',34,14,'Sous-Chef'),(3121019,'Ektoras','Botrini','2115678901','1969-03-14',55,24,'B\' Cook'),(3121020,'Christofer','Peskias','2104321098','1993-04-18',31,9,'C\' Cook'),(3121021,'Jamie','Oliver','2137890123','1975-05-27',48,18,'C\' Cook'),(3121022,'Gordon ','Ramsay','2132109876','1966-11-08',57,17,'Head Chef'),(3121023,'Ilias','Mamalakis','2109876123','1949-11-20',75,28,'Head Chef'),(3121024,'Apostolos','Altanis','2113456789','1960-08-03',64,40,'Head Chef'),(3121025,'Stelios','Parliaros','2138765432','1959-11-03',65,21,'B\' Cook'),(3121026,'Lambros','Vakiaros','2106543210','1987-01-05',37,10,'Sous-Chef'),(3121027,'Giorgos','Porfiris','2118901234','1988-07-17',36,11,'A\' Cook'),(3121028,'Aaron','Sanchez','2135432109','1976-02-12',48,20,'A\' Cook'),(3121029,'Joe','Bastianich','2109876543','1968-09-17',55,26,'Head Chef'),(3121030,'Athinagoras','Kostakos','2134567890','1993-08-16',31,12,'Sous-Chef'),(3121031,'Manolis','Papoutsakis','2112345679','1990-09-25',34,17,'Sous-Chef'),(3121032,'Luca','Piscazzi','2138901234','1995-12-31',29,13,'Sous-Chef'),(3121033,'Periklis','Koskinas','2101234567','1999-05-04',25,6,'B\' Cook'),(3121034,'Pavlos','Kiriakis','2135678901','1990-02-16',34,12,'C\' Cook'),(3121035,'Panagiotis ','Giakalis','2110987654','1998-03-28',26,11,'Sous-Chef'),(3121036,'Tasos ','Stefatos','2109876543','2000-02-01',24,7,'B\' Cook'),(3121037,'George','Samoilis','2119587594','2005-04-10',19,4,'C\' Cook'),(3121038,'Aggelos','Bakopoulos','2102655478','2001-07-06',23,5,'Head Chef'),(3121039,'Nikos','Livadias','2108932475','1999-08-01',25,3,'B\' Cook'),(3121040,'Marios','Koutsounaris','2114596387','1998-09-04',26,4,'C\' Cook'),(3121041,'Nikos','Thomas','2110547633','1997-10-05',27,10,'Sous-Chef'),(3121042,'Alain','Parodi','2100158649','1996-11-12',28,2,'B\' Cook'),(3121043,'Sifis','Manouselis','2110863254','1995-12-04',29,5,'C\' Cook'),(3121044,'George ','Xronakis','2115694711','1994-01-01',30,12,'A\' Cook'),(3121045,'Clare ','Smyth','2105465318','1993-03-06',31,15,'Head Chef'),(3121046,'Roy ','Chοι','2114020691','1970-02-24',54,20,'Head Chef'),(3121047,'Alicia','Waters','2104783975','1992-08-19',32,9,'A\' Cook'),(3121048,'Cristeta ','Comrford','2108493729','2003-01-21',21,6,'A\' Cook'),(3121049,'Rachel ','Khoo','2102877635','1979-02-20',45,21,'Head Chef'),(3121050,'Rachel ','Ray','2112894637','1989-12-07',35,13,'A\' Cook'),(3121051,'Sotiris','Euaggelou','2110026308','1988-07-02',36,12,'B\' Cook'),(3121052,'Tasos ','Mantis','2118690001','1992-05-03',32,10,'B\' Cook'),(3121053,'Giannis ','Baksevanis','2113845470','1987-09-04',37,10,'A\' Cook'),(3121054,'Guy','Fieri','2113647822','1986-08-02',38,11,'B\' Cook'),(3121055,'Bobby','Flay','2100860752','1991-09-11',33,9,'A\' Cook'),(3121056,'Dione ','Lucas','2118686733','1995-05-17',29,11,'Head Chef'),(3121057,'Martha','Stewart','2117564760','1992-03-01',32,9,'B\' Cook'),(3121058,'Nadiya','Hussain','2110908073','2000-05-05',24,7,'A\' Cook'),(3121059,'Ree','Drummond','2114736695','1994-04-04',30,6,'A\' Cook'),(3121060,'Konstantina','Faklari','2119986754','2003-01-19',21,3,'C\' Cook'),(3121061,'Vassiliki','Vourliotaki','2113674899','2001-03-14',23,4,'C\' Cook'),(3121062,'Xrisanthos','Karamolegkos','2118674675','2002-11-01',22,2,'C\' Cook'),(3121063,'George','Papaioannou','2101265847','1991-05-23',33,17,'Sous-Chef'),(3121064,'Vaggelis','Driskas','2119087566','1989-01-31',35,19,'Sous-Chef');
/*!40000 ALTER TABLE `cook` ENABLE KEYS */;
UNLOCK TABLES;

--
-- Table structure for table `cuisine`
--

DROP TABLE IF EXISTS `cuisine`;
/*!40101 SET @saved_cs_client     = @@character_set_client */;
/*!50503 SET character_set_client = utf8mb4 */;
CREATE TABLE `cuisine` (
  `Cuisine_ID` int(10) unsigned NOT NULL AUTO_INCREMENT,
  `Cuisine_Name` varchar(50) NOT NULL,
  PRIMARY KEY (`Cuisine_ID`)
) ENGINE=InnoDB AUTO_INCREMENT=3128012 DEFAULT CHARSET=utf8mb4 COLLATE=utf8mb4_general_ci;
/*!40101 SET character_set_client = @saved_cs_client */;

--
-- Dumping data for table `cuisine`
--

LOCK TABLES `cuisine` WRITE;
/*!40000 ALTER TABLE `cuisine` DISABLE KEYS */;
INSERT INTO `cuisine` VALUES (3128001,'American'),(3128002,'Chinese'),(3128003,'French'),(3128004,'German'),(3128005,'Greek'),(3128006,'Indian'),(3128007,'Italian'),(3128008,'Japanese'),(3128009,'Mexican'),(3128010,'Turkish '),(3128011,'Spanish');
/*!40000 ALTER TABLE `cuisine` ENABLE KEYS */;
UNLOCK TABLES;

--
-- Table structure for table `episode`
--

DROP TABLE IF EXISTS `episode`;
/*!40101 SET @saved_cs_client     = @@character_set_client */;
/*!50503 SET character_set_client = utf8mb4 */;
CREATE TABLE `episode` (
  `Episode_ID` int(10) unsigned NOT NULL AUTO_INCREMENT,
  `Episode_Name` int(11) DEFAULT NULL,
  `Cook_ID` int(10) unsigned DEFAULT NULL,
  `Recipe_ID` int(10) unsigned DEFAULT NULL,
  `Year` int(11) DEFAULT NULL,
  PRIMARY KEY (`Episode_ID`)
) ENGINE=InnoDB AUTO_INCREMENT=261 DEFAULT CHARSET=utf8mb4 COLLATE=utf8mb4_general_ci;
/*!40101 SET character_set_client = @saved_cs_client */;

--
-- Dumping data for table `episode`
--

LOCK TABLES `episode` WRITE;
/*!40000 ALTER TABLE `episode` DISABLE KEYS */;
INSERT INTO `episode` VALUES (1,1,3121017,3122020,2021),(2,1,3121010,3122032,2021),(3,1,3121061,3122016,2021),(4,1,3121045,3122036,2021),(5,1,3121046,3122002,2021),(6,1,3121049,3122053,2021),(7,1,3121038,3122006,2021),(8,1,3121029,3122048,2021),(9,1,3121048,3122030,2021),(10,1,3121043,3122011,2021),(11,1,3121047,NULL,2021),(12,1,3121020,NULL,2021),(13,1,3121009,NULL,2021),(14,2,3121049,3122026,2021),(15,2,3121056,3122045,2021),(16,2,3121033,3122050,2021),(17,2,3121062,3122018,2021),(18,2,3121053,3122043,2021),(19,2,3121007,3122027,2021),(20,2,3121040,3122014,2021),(21,2,3121017,3122005,2021),(22,2,3121027,3122006,2021),(23,2,3121002,3122020,2021),(24,2,3121058,NULL,2021),(25,2,3121019,NULL,2021),(26,2,3121016,NULL,2021),(27,3,3121038,3122018,2021),(28,3,3121009,3122011,2021),(29,3,3121062,3122045,2021),(30,3,3121011,3122012,2021),(31,3,3121052,3122039,2021),(32,3,3121013,3122025,2021),(33,3,3121055,3122042,2021),(34,3,3121001,3122009,2021),(35,3,3121061,3122027,2021),(36,3,3121056,3122002,2021),(37,3,3121027,NULL,2021),(38,3,3121018,NULL,2021),(39,3,3121045,NULL,2021),(40,4,3121050,3122033,2021),(41,4,3121037,3122027,2021),(42,4,3121058,3122010,2021),(43,4,3121005,3122036,2021),(44,4,3121061,3122042,2021),(45,4,3121027,3122047,2021),(46,4,3121033,3122039,2021),(47,4,3121043,3122003,2021),(48,4,3121047,3122006,2021),(49,4,3121049,3122021,2021),(50,4,3121053,NULL,2021),(51,4,3121016,NULL,2021),(52,4,3121010,NULL,2021),(53,5,3121011,3122012,2021),(54,5,3121057,3122052,2021),(55,5,3121041,3122032,2021),(56,5,3121045,3122025,2021),(57,5,3121020,3122004,2021),(58,5,3121010,3122008,2021),(59,5,3121060,3122038,2021),(60,5,3121014,3122002,2021),(61,5,3121023,3122044,2021),(62,5,3121049,3122054,2021),(63,5,3121035,NULL,2021),(64,5,3121039,NULL,2021),(65,5,3121058,NULL,2021),(66,6,3121017,3122037,2021),(67,6,3121015,3122047,2021),(68,6,3121011,3122035,2021),(69,6,3121032,3122011,2021),(70,6,3121038,3122010,2021),(71,6,3121043,3122038,2021),(72,6,3121057,3122051,2021),(73,6,3121055,3122036,2021),(74,6,3121031,3122014,2021),(75,6,3121042,3122007,2021),(76,6,3121026,NULL,2021),(77,6,3121013,NULL,2021),(78,6,3121003,NULL,2021),(79,7,3121061,3122044,2021),(80,7,3121034,3122009,2021),(81,7,3121008,3122052,2021),(82,7,3121021,3122031,2021),(83,7,3121036,3122036,2021),(84,7,3121024,3122023,2021),(85,7,3121010,3122014,2021),(86,7,3121001,3122050,2021),(87,7,3121004,3122038,2021),(88,7,3121009,3122011,2021),(89,7,3121035,NULL,2021),(90,7,3121020,NULL,2021),(91,7,3121019,NULL,2021),(92,8,3121035,3122043,2021),(93,8,3121050,3122033,2021),(94,8,3121060,3122021,2021),(95,8,3121024,3122023,2021),(96,8,3121029,3122029,2021),(97,8,3121031,3122004,2021),(98,8,3121017,3122008,2021),(99,8,3121063,3122030,2021),(100,8,3121003,3122032,2021),(101,8,3121005,3122040,2021),(102,8,3121053,NULL,2021),(103,8,3121016,NULL,2021),(104,8,3121059,NULL,2021),(105,9,3121053,3122043,2021),(106,9,3121035,3122044,2021),(107,9,3121017,3122008,2021),(108,9,3121027,3122047,2021),(109,9,3121064,3122046,2021),(110,9,3121012,3122023,2021),(111,9,3121009,3122018,2021),(112,9,3121011,3122012,2021),(113,9,3121063,3122030,2021),(114,9,3121026,3122034,2021),(115,9,3121002,NULL,2021),(116,9,3121038,NULL,2021),(117,9,3121046,NULL,2021),(118,10,3121031,3122005,2021),(119,10,3121009,3122012,2021),(120,10,3121059,3122037,2021),(121,10,3121055,3122041,2021),(122,10,3121010,3122032,2021),(123,10,3121029,3122022,2021),(124,10,3121063,3122045,2021),(125,10,3121001,3122009,2021),(126,10,3121011,3122038,2021),(127,10,3121016,3122052,2021),(128,10,3121036,NULL,2021),(129,10,3121014,NULL,2021),(130,10,3121020,NULL,2021),(131,1,3121005,3122042,2022),(132,1,3121059,3122037,2022),(133,1,3121061,3122028,2022),(134,1,3121036,3122040,2022),(135,1,3121048,3122015,2022),(136,1,3121049,3122033,2022),(137,1,3121026,3122027,2022),(138,1,3121062,3122045,2022),(139,1,3121035,3122043,2022),(140,1,3121029,3122049,2022),(141,1,3121051,NULL,2022),(142,1,3121044,NULL,2022),(143,1,3121009,NULL,2022),(144,2,3121002,3122040,2022),(145,2,3121061,3122036,2022),(146,2,3121060,3122038,2022),(147,2,3121035,3122024,2022),(148,2,3121032,3122012,2022),(149,2,3121036,3122041,2022),(150,2,3121016,3122022,2022),(151,2,3121056,3122045,2022),(152,2,3121004,3122011,2022),(153,2,3121041,3122007,2022),(154,2,3121003,NULL,2022),(155,2,3121006,NULL,2022),(156,2,3121050,NULL,2022),(157,3,3121027,3122006,2022),(158,3,3121003,3122017,2022),(159,3,3121028,3122018,2022),(160,3,3121061,3122016,2022),(161,3,3121064,3122054,2022),(162,3,3121024,3122023,2022),(163,3,3121052,3122009,2022),(164,3,3121046,3122034,2022),(165,3,3121029,3122051,2022),(166,3,3121009,3122045,2022),(167,3,3121031,NULL,2022),(168,3,3121017,NULL,2022),(169,3,3121033,NULL,2022),(170,4,3121050,3122038,2022),(171,4,3121014,3122016,2022),(172,4,3121040,3122014,2022),(173,4,3121031,3122021,2022),(174,4,3121047,3122047,2022),(175,4,3121051,3122031,2022),(176,4,3121048,3122051,2022),(177,4,3121049,3122010,2022),(178,4,3121056,3122027,2022),(179,4,3121007,3122002,2022),(180,4,3121017,NULL,2022),(181,4,3121054,NULL,2022),(182,4,3121058,NULL,2022),(183,5,3121051,3122012,2022),(184,5,3121029,3122030,2022),(185,5,3121039,3122046,2022),(186,5,3121030,3122005,2022),(187,5,3121038,3122052,2022),(188,5,3121017,3122054,2022),(189,5,3121061,3122011,2022),(190,5,3121063,3122047,2022),(191,5,3121009,3122034,2022),(192,5,3121006,3122053,2022),(193,5,3121016,NULL,2022),(194,5,3121003,NULL,2022),(195,5,3121011,NULL,2022),(196,6,3121056,3122047,2022),(197,6,3121033,3122003,2022),(198,6,3121044,3122024,2022),(199,6,3121020,3122021,2022),(200,6,3121059,3122032,2022),(201,6,3121047,3122006,2022),(202,6,3121031,3122038,2022),(203,6,3121024,3122044,2022),(204,6,3121050,3122004,2022),(205,6,3121011,3122033,2022),(206,6,3121052,NULL,2022),(207,6,3121026,NULL,2022),(208,6,3121004,NULL,2022),(209,7,3121049,3122026,2022),(210,7,3121060,3122032,2022),(211,7,3121001,3122039,2022),(212,7,3121037,3122034,2022),(213,7,3121025,3122025,2022),(214,7,3121034,3122050,2022),(215,7,3121006,3122054,2022),(216,7,3121061,3122031,2022),(217,7,3121042,3122033,2022),(218,7,3121027,3122006,2022),(219,7,3121005,NULL,2022),(220,7,3121051,NULL,2022),(221,7,3121039,NULL,2022),(222,8,3121033,3122039,2022),(223,8,3121007,3122002,2022),(224,8,3121011,3122050,2022),(225,8,3121020,3122021,2022),(226,8,3121029,3122048,2022),(227,8,3121064,3122049,2022),(228,8,3121001,3122009,2022),(229,8,3121037,3122034,2022),(230,8,3121061,3122027,2022),(231,8,3121054,3122023,2022),(232,8,3121004,NULL,2022),(233,8,3121044,NULL,2022),(234,8,3121019,NULL,2022),(235,9,3121014,3122027,2022),(236,9,3121040,3122015,2022),(237,9,3121045,3122041,2022),(238,9,3121061,3122016,2022),(239,9,3121025,3122040,2022),(240,9,3121029,3122022,2022),(241,9,3121063,3122045,2022),(242,9,3121041,3122032,2022),(243,9,3121049,3122004,2022),(244,9,3121042,3122007,2022),(245,9,3121038,NULL,2022),(246,9,3121030,NULL,2022),(247,9,3121051,NULL,2022),(248,10,3121038,3122051,2022),(249,10,3121012,3122023,2022),(250,10,3121008,3122052,2022),(251,10,3121037,3122034,2022),(252,10,3121013,3122001,2022),(253,10,3121048,3122014,2022),(254,10,3121006,3122054,2022),(255,10,3121018,3122032,2022),(256,10,3121049,3122049,2022),(257,10,3121050,3122033,2022),(258,10,3121062,NULL,2022),(259,10,3121045,NULL,2022),(260,10,3121024,NULL,2022);
/*!40000 ALTER TABLE `episode` ENABLE KEYS */;
UNLOCK TABLES;

--
-- Table structure for table `equipment`
--

DROP TABLE IF EXISTS `equipment`;
/*!40101 SET @saved_cs_client     = @@character_set_client */;
/*!50503 SET character_set_client = utf8mb4 */;
CREATE TABLE `equipment` (
  `Equipment_ID` int(10) unsigned NOT NULL AUTO_INCREMENT,
  `Equipment_Name` varchar(50) NOT NULL,
  `Equipment_Instruction` text NOT NULL,
  PRIMARY KEY (`Equipment_ID`)
) ENGINE=InnoDB AUTO_INCREMENT=3131044 DEFAULT CHARSET=utf8mb4 COLLATE=utf8mb4_general_ci;
/*!40101 SET character_set_client = @saved_cs_client */;

--
-- Dumping data for table `equipment`
--

LOCK TABLES `equipment` WRITE;
/*!40000 ALTER TABLE `equipment` DISABLE KEYS */;
INSERT INTO `equipment` VALUES (3131001,'Large pot','It\'s usually filled with water and used to boil stuff.'),(3131002,'Frying pan','It\'s perfect for shallow frying, meaning your food is not submerged in oil.'),(3131003,'Mixing bowl','It\'s used for mixing ingredients.'),(3131004,'Baking dish','It\'s made of oven-safe materials and it\'s commonly used for savory and sweet recipes.'),(3131005,'Spatula','It\'s used for mixing or evenly spreading something.'),(3131006,'Cutting Board','It\'s used for propering cutting stuff with ease and without damaging other surfaces.'),(3131007,'Knife','It\'s used for cutting.'),(3131008,'Measuring Cups','It\'s used for quickly measuring stuff like flour, sugar or liquids.'),(3131009,'Whisk','It\'s used for mixing mixtures that should be fluffy, which is accomplished by adding air.'),(3131010,'Fork','It\'s used for mixing.'),(3131011,'Brush','It\'s used to apply liquids smoothly.'),(3131012,'Rolling Pin','It\'s usually used for preparing dough.'),(3131013,'Baking Sheet','It\'s a flat, rectangular metal pan placed in an oven and used for baking pastries.'),(3131014,'Oven','It\'s used for baking.'),(3131015,'Stove','It\'s used for applying heat.'),(3131016,'Saucepan','It\'s a good tool for cooking anything that is mostly liquid, such as sauces and soups.'),(3131017,'Wooden Spoon','It\'s used for stiring.'),(3131018,' Vegetable Peeler','It\'s traditionally used to peel the skin of vegetables or fruit.'),(3131019,'Pastry brush','A pastry brush is a kitchen tool used for applying liquids, such as egg wash, melted butter, or glazes, onto pastries, bread, or other baked goods'),(3131020,'Small bowl ','It\'s used for mixing ingredients in very small amounts'),(3131021,'Spoon ',' It is primarily used for eating, stirring, and serving food.'),(3131022,'Tongs','They are used for gripping and lifting food items, such as meats, vegetables, and salad ingredients, providing a secure and controlled grip while cooking, grilling, or serving. '),(3131023,'Aluminum foil','Aluminum foil is versatile, serving purposes such as wrapping food for cooking or storing leftovers, lining baking pans to prevent sticking, and covering dishes to retain moisture or heat. '),(3131024,'Zester ','A zester is a small kitchen tool designed for grating the outer peel of citrus fruits such as lemons, limes, and oranges.'),(3131025,'Paper Towels','They are absorving pieces of paper used to clean mainly liquids.'),(3131026,'Plastic Wrap','The plastic wrap keeps foods fresh by protecting them from the air.It can also be used during a recipe to prevent making a mess.'),(3131027,'Grill','It\'s used to cook food over fire or hot coals, usually on a metal frame.'),(3131028,'Skewers ','A long piece of wood or metal used for holding pieces of food, typically meat, together during cooking.'),(3131029,'Serving platter','A platter is a large type of dishware used for serving food.'),(3131030,'Small pot','It\'s usually melts, heating the stuff'),(3131031,'Corne Tip For Filling 8mm','It\'s usually used for filling.'),(3131032,'Oven pan ','It\'s usually used for oven'),(3131033,'Pastry bag','It\'s usually used for filling.'),(3131034,'Mixer','It\'s used for mixing.'),(3131035,'Non-stick pot','It\'s usually filled with water and used to boil stuff.'),(3131036,'Parchment paper','It\'s used as a non-stick and safe to bake on surface.'),(3131037,'Blender','Grind semi-solid ingredients, such as fresh fruits and vegetables, into smooth purées.'),(3131038,'Slotted Spoon Fiber Glass','Fiberglass is a durable and heat-resistant material, making it suitable for use in cooking and serving hot foods. '),(3131039,'Ice cream maker','It\'s usually used for ice cream making'),(3131040,'Casserole Non-stick With Glass Lid Diameter 24cm',' It\'s essentially a deep cooking pot with a flat bottom and tall sides,.The non-stick coating ensures that food doesn\'t stick to the surface, making it easier to cook and clean. '),(3131041,'Tempered Mixing Bowl 26cm','The tempered glass construction makes them resistant to thermal shock, meaning they can withstand rapid temperature changes without breaking.'),(3131042,'Toaster','A small electric appliance that uses radiant heat to brown sliced bread into toast.'),(3131043,'Jar','To store things.');
/*!40000 ALTER TABLE `equipment` ENABLE KEYS */;
UNLOCK TABLES;

--
-- Table structure for table `foodgroup`
--

DROP TABLE IF EXISTS `foodgroup`;
/*!40101 SET @saved_cs_client     = @@character_set_client */;
/*!50503 SET character_set_client = utf8mb4 */;
CREATE TABLE `foodgroup` (
  `FoodGroup_ID` int(10) unsigned NOT NULL AUTO_INCREMENT,
  `FoodGroup_Name` varchar(50) NOT NULL,
  `FoodGroup_Description` text DEFAULT NULL,
  `Diet_Type` varchar(50) NOT NULL,
  PRIMARY KEY (`FoodGroup_ID`)
) ENGINE=InnoDB AUTO_INCREMENT=3125013 DEFAULT CHARSET=utf8mb4 COLLATE=utf8mb4_general_ci;
/*!40101 SET character_set_client = @saved_cs_client */;

--
-- Dumping data for table `foodgroup`
--

LOCK TABLES `foodgroup` WRITE;
/*!40000 ALTER TABLE `foodgroup` DISABLE KEYS */;
INSERT INTO `foodgroup` VALUES (3125001,'Vegetables','Edible parts of plants, including leaves, roots, and stems.','Vegetarian'),(3125002,'Fruit',' Fleshy or juicy parts of plants, often containing seeds.','Vegetarian'),(3125003,'Grain and Potatoes','Cereal crops like wheat, rice, oats, and potatoes.','Carbs'),(3125004,'Dairy','Milk and products derived from milk, like cheese and yogurt.','Dairy'),(3125005,'Legumes','Seeds or pods of plants, including beans, peas, lentils.','High Protein - No meat'),(3125006,'Red meat','Meat from mammals such as beef, pork, lamb.','Includes Meat'),(3125007,'White meat','Poultry like chicken and turkey, and lean meats.','Includes Poultry'),(3125008,'Eggs',' Laid by birds such as chickens, ducks, and quails.','Egg-Based'),(3125009,'Fish and sea food',' Fish, shellfish, mollusks.','Pescatarian'),(3125010,'Added fats, oils, olives and nuts','Sources of dietary fats, including oils, nuts, and olives.','Keto'),(3125011,'Not included in a food group.','It contains every ingredient that can\'t be categorized in the above.','-'),(3125012,'','','');
/*!40000 ALTER TABLE `foodgroup` ENABLE KEYS */;
UNLOCK TABLES;

--
-- Table structure for table `ingr_rec`
--

DROP TABLE IF EXISTS `ingr_rec`;
/*!40101 SET @saved_cs_client     = @@character_set_client */;
/*!50503 SET character_set_client = utf8mb4 */;
CREATE TABLE `ingr_rec` (
  `Recipe_ID` int(10) unsigned NOT NULL,
  `Ingredients_ID` int(10) unsigned NOT NULL,
  `Ingredient_Quantity` decimal(10,2) NOT NULL,
  PRIMARY KEY (`Recipe_ID`,`Ingredients_ID`),
  KEY `fk_recipe_ingredients_ingredient` (`Ingredients_ID`),
  CONSTRAINT `fk_recipe_ingredients_ingredient` FOREIGN KEY (`Ingredients_ID`) REFERENCES `ingredients` (`Ingredients_ID`) ON UPDATE CASCADE,
  CONSTRAINT `fk_recipe_ingredients_recipe` FOREIGN KEY (`Recipe_ID`) REFERENCES `recipe` (`Recipe_ID`) ON UPDATE CASCADE
) ENGINE=InnoDB DEFAULT CHARSET=utf8mb4 COLLATE=utf8mb4_general_ci;
/*!40101 SET character_set_client = @saved_cs_client */;

--
-- Dumping data for table `ingr_rec`
--

LOCK TABLES `ingr_rec` WRITE;
/*!40000 ALTER TABLE `ingr_rec` DISABLE KEYS */;
INSERT INTO `ingr_rec` VALUES (3122001,3123001,300.00),(3122001,3123002,500.00),(3122001,3123003,150.00),(3122001,3123004,15.00),(3122001,3123005,10.00),(3122001,3123006,5.00),(3122001,3123007,750.00),(3122001,3123008,500.00),(3122001,3123009,300.00),(3122001,3123010,150.00),(3122001,3123011,50.00),(3122002,3123004,15.00),(3122002,3123012,350.00),(3122002,3123014,15.00),(3122002,3123015,30.00),(3122002,3123016,5.00),(3122002,3123017,10.00),(3122002,3123018,20.00),(3122002,3123019,10.00),(3122002,3123020,15.00),(3122003,3123003,100.00),(3122003,3123005,10.00),(3122003,3123006,5.00),(3122003,3123011,150.00),(3122003,3123020,60.00),(3122003,3123021,500.00),(3122003,3123022,400.00),(3122003,3123023,200.00),(3122003,3123024,20.00),(3122004,3123005,10.00),(3122004,3123011,50.00),(3122004,3123025,500.00),(3122004,3123026,250.00),(3122004,3123027,50.00),(3122004,3123028,10.00),(3122004,3123029,250.00),(3122005,3123005,10.00),(3122005,3123006,5.00),(3122005,3123025,50.00),(3122005,3123026,50.00),(3122005,3123029,500.00),(3122005,3123030,400.00),(3122005,3123031,250.00),(3122006,3123003,100.00),(3122006,3123012,500.00),(3122006,3123031,250.00),(3122006,3123033,500.00),(3122006,3123034,420.00),(3122007,3123003,50.00),(3122007,3123004,5.00),(3122007,3123005,10.00),(3122007,3123006,5.00),(3122007,3123020,60.00),(3122007,3123035,50.00),(3122007,3123036,50.00),(3122007,3123037,50.00),(3122008,3123020,60.00),(3122008,3123032,200.00),(3122009,3123006,5.00),(3122009,3123020,45.00),(3122009,3123032,200.00),(3122010,3123005,10.00),(3122010,3123011,150.00),(3122010,3123018,50.00),(3122010,3123020,45.00),(3122010,3123032,150.00),(3122011,3123038,500.00),(3122011,3123039,675.00),(3122011,3123040,100.00),(3122011,3123041,500.00),(3122011,3123042,100.00),(3122012,3123005,10.00),(3122012,3123006,5.00),(3122012,3123011,120.00),(3122012,3123025,150.00),(3122012,3123075,800.00),(3122012,3123076,200.00),(3122012,3123077,300.00),(3122012,3123129,10.00),(3122013,3123002,300.00),(3122013,3123004,40.00),(3122013,3123016,5.00),(3122013,3123020,30.00),(3122013,3123021,100.00),(3122013,3123035,50.00),(3122013,3123036,50.00),(3122014,3123011,55.00),(3122014,3123027,50.00),(3122014,3123043,400.00),(3122014,3123044,5.00),(3122014,3123049,300.00),(3122015,3123005,5.00),(3122015,3123011,100.00),(3122015,3123025,250.00),(3122015,3123026,200.00),(3122015,3123027,100.00),(3122015,3123050,200.00),(3122015,3123051,5.00),(3122015,3123052,5.00),(3122015,3123067,200.00),(3122016,3123004,10.00),(3122016,3123005,4.00),(3122016,3123006,5.00),(3122016,3123020,30.00),(3122016,3123053,200.00),(3122016,3123054,30.00),(3122016,3123055,15.00),(3122016,3123068,500.00),(3122017,3123005,4.00),(3122017,3123006,5.00),(3122017,3123010,100.00),(3122017,3123020,30.00),(3122017,3123026,30.00),(3122017,3123056,300.00),(3122017,3123057,300.00),(3122017,3123058,120.00),(3122017,3123059,1000.00),(3122017,3123069,150.00),(3122018,3123002,300.00),(3122018,3123003,50.00),(3122018,3123005,4.00),(3122018,3123006,5.00),(3122018,3123007,150.00),(3122018,3123031,100.00),(3122018,3123060,400.00),(3122018,3123061,80.00),(3122018,3123062,100.00),(3122018,3123063,80.00),(3122018,3123064,20.00),(3122018,3123068,60.00),(3122019,3123004,50.00),(3122019,3123005,4.00),(3122019,3123006,5.00),(3122019,3123020,30.00),(3122019,3123045,300.00),(3122019,3123065,40.00),(3122019,3123066,20.00),(3122019,3123071,2.00),(3122020,3123011,50.00),(3122020,3123025,200.00),(3122020,3123027,100.00),(3122020,3123029,200.00),(3122020,3123072,10.00),(3122020,3123073,150.00),(3122021,3123006,5.00),(3122021,3123011,220.00),(3122021,3123017,40.00),(3122021,3123025,70.00),(3122021,3123026,50.00),(3122021,3123027,210.00),(3122021,3123029,850.00),(3122021,3123042,20.00),(3122021,3123091,360.00),(3122021,3123092,60.00),(3122021,3123093,5.00),(3122021,3123094,75.00),(3122021,3123095,400.00),(3122021,3123096,200.00),(3122022,3123015,300.00),(3122022,3123022,400.00),(3122022,3123026,200.00),(3122022,3123027,200.00),(3122022,3123065,58.00),(3122022,3123078,200.00),(3122022,3123079,100.00),(3122022,3123080,2.00),(3122023,3123003,200.00),(3122023,3123005,30.00),(3122023,3123046,500.00),(3122023,3123074,45.00),(3122023,3123077,45.00),(3122023,3123081,150.00),(3122023,3123082,15.00),(3122023,3123083,400.00),(3122023,3123084,15.00),(3122023,3123085,30.00),(3122024,3123027,100.00),(3122024,3123029,1000.00),(3122024,3123086,100.00),(3122024,3123087,20.00),(3122024,3123088,50.00),(3122024,3123089,50.00),(3122025,3123005,10.00),(3122025,3123006,5.00),(3122025,3123009,200.00),(3122025,3123020,30.00),(3122025,3123055,15.00),(3122025,3123068,300.00),(3122025,3123090,20.00),(3122026,3123006,5.00),(3122026,3123019,50.00),(3122026,3123025,230.00),(3122026,3123092,40.00),(3122026,3123097,300.00),(3122027,3123017,70.00),(3122027,3123029,350.00),(3122027,3123093,10.00),(3122027,3123098,100.00),(3122027,3123099,100.00),(3122027,3123100,100.00),(3122027,3123102,30.00),(3122027,3123103,200.00),(3122027,3123104,90.00),(3122027,3123105,5.00),(3122027,3123106,50.00),(3122028,3123006,7.00),(3122028,3123010,100.00),(3122028,3123101,7.00),(3122029,3123005,30.00),(3122029,3123020,30.00),(3122029,3123068,900.00),(3122029,3123107,200.00),(3122029,3123108,150.00),(3122029,3123109,10.00),(3122030,3123004,10.00),(3122030,3123005,10.00),(3122030,3123011,220.00),(3122030,3123020,20.00),(3122030,3123068,300.00),(3122030,3123110,500.00),(3122030,3123111,200.00),(3122031,3123003,100.00),(3122031,3123005,10.00),(3122031,3123006,5.00),(3122031,3123014,30.00),(3122031,3123027,5.00),(3122031,3123032,500.00),(3122031,3123059,250.00),(3122031,3123112,100.00),(3122031,3123113,15.00),(3122032,3123005,5.00),(3122032,3123006,5.00),(3122032,3123015,10.00),(3122032,3123016,3.00),(3122032,3123017,50.00),(3122032,3123019,35.00),(3122032,3123020,60.00),(3122032,3123086,250.00),(3122032,3123092,500.00),(3122032,3123102,1010.00),(3122032,3123114,500.00),(3122032,3123115,10.00),(3122032,3123116,5.00),(3122032,3123117,60.00),(3122032,3123118,200.00),(3122032,3123119,140.00),(3122032,3123120,140.00),(3122032,3123121,80.00),(3122032,3123122,100.00),(3122032,3123123,200.00),(3122032,3123124,70.00),(3122032,3123125,20.00),(3122033,3123005,10.00),(3122033,3123006,5.00),(3122033,3123011,240.00),(3122033,3123014,30.00),(3122034,3123027,200.00),(3122034,3123126,150.00),(3122034,3123127,150.00),(3122035,3123004,20.00),(3122035,3123005,12.00),(3122035,3123006,10.00),(3122035,3123012,1500.00),(3122035,3123015,30.00),(3122035,3123020,50.00),(3122035,3123074,85.00),(3122035,3123092,150.00),(3122035,3123113,30.00),(3122035,3123128,1500.00),(3122035,3123129,30.00),(3122036,3123005,5.00),(3122036,3123027,160.00),(3122036,3123029,450.00),(3122036,3123048,270.00),(3122036,3123093,10.00),(3122036,3123106,30.00),(3122036,3123130,4.00),(3122036,3123131,30.00),(3122036,3123132,30.00),(3122036,3123133,80.00),(3122037,3123005,3.00),(3122037,3123011,200.00),(3122037,3123025,250.00),(3122037,3123026,115.00),(3122037,3123027,200.00),(3122037,3123052,4.00),(3122037,3123091,300.00),(3122038,3123026,100.00),(3122038,3123027,200.00),(3122038,3123041,500.00),(3122038,3123062,200.00),(3122038,3123074,85.00),(3122038,3123117,300.00),(3122038,3123134,200.00),(3122039,3123003,100.00),(3122039,3123005,3.00),(3122039,3123006,10.00),(3122039,3123020,50.00),(3122039,3123023,200.00),(3122039,3123061,500.00),(3122039,3123068,300.00),(3122039,3123107,300.00),(3122039,3123129,30.00),(3122040,3123004,20.00),(3122040,3123005,3.00),(3122040,3123006,10.00),(3122040,3123010,100.00),(3122040,3123020,50.00),(3122040,3123061,500.00),(3122040,3123074,85.00),(3122040,3123109,150.00),(3122040,3123113,30.00),(3122041,3123005,10.00),(3122041,3123006,3.00),(3122041,3123020,60.00),(3122041,3123024,20.00),(3122041,3123066,20.00),(3122041,3123074,85.00),(3122041,3123135,150.00),(3122042,3123136,100.00),(3122042,3123137,400.00),(3122043,3123025,75.00),(3122043,3123027,300.00),(3122043,3123072,5.00),(3122043,3123077,300.00),(3122043,3123087,1.00),(3122043,3123092,60.00),(3122043,3123132,200.00),(3122044,3123003,150.00),(3122044,3123068,150.00),(3122044,3123077,50.00),(3122044,3123081,200.00),(3122044,3123085,15.00),(3122044,3123086,300.00),(3122044,3123138,500.00),(3122045,3123025,150.00),(3122045,3123027,200.00),(3122045,3123029,250.00),(3122045,3123048,250.00),(3122045,3123133,200.00),(3122045,3123139,250.00),(3122045,3123140,500.00),(3122046,3123020,60.00),(3122046,3123025,150.00),(3122046,3123026,100.00),(3122046,3123027,50.00),(3122046,3123042,100.00),(3122046,3123044,10.00),(3122046,3123092,500.00),(3122047,3123011,100.00),(3122047,3123015,30.00),(3122047,3123025,200.00),(3122047,3123027,100.00),(3122047,3123029,250.00),(3122047,3123044,10.00),(3122047,3123077,100.00),(3122048,3123005,5.00),(3122048,3123006,2.00),(3122048,3123011,150.00),(3122048,3123020,50.00),(3122048,3123022,500.00),(3122048,3123023,200.00),(3122048,3123029,250.00),(3122049,3123004,10.00),(3122049,3123005,5.00),(3122049,3123006,5.00),(3122049,3123011,300.00),(3122049,3123020,10.00),(3122049,3123034,200.00),(3122049,3123111,50.00),(3122050,3123004,30.00),(3122050,3123005,5.00),(3122050,3123006,5.00),(3122050,3123020,20.00),(3122050,3123142,1000.00),(3122050,3123143,50.00),(3122051,3123004,10.00),(3122051,3123005,5.00),(3122051,3123006,5.00),(3122051,3123020,20.00),(3122051,3123031,100.00),(3122051,3123057,500.00),(3122051,3123112,100.00),(3122051,3123119,50.00),(3122051,3123120,50.00),(3122052,3123003,500.00),(3122052,3123005,5.00),(3122052,3123006,5.00),(3122052,3123014,200.00),(3122052,3123027,200.00),(3122052,3123092,200.00),(3122053,3123004,5.00),(3122053,3123005,5.00),(3122053,3123006,5.00),(3122053,3123020,20.00),(3122053,3123143,10.00),(3122053,3123144,500.00),(3122054,3123005,5.00),(3122054,3123006,5.00),(3122054,3123011,200.00),(3122054,3123020,10.00),(3122054,3123124,50.00),(3122054,3123144,300.00),(3122054,3123145,50.00);
/*!40000 ALTER TABLE `ingr_rec` ENABLE KEYS */;
UNLOCK TABLES;

--
-- Table structure for table `ingredients`
--

DROP TABLE IF EXISTS `ingredients`;
/*!40101 SET @saved_cs_client     = @@character_set_client */;
/*!50503 SET character_set_client = utf8mb4 */;
CREATE TABLE `ingredients` (
  `Ingredients_ID` int(10) unsigned NOT NULL AUTO_INCREMENT,
  `Ingredient_Name` varchar(50) NOT NULL,
  `FoodGroup_ID` int(10) unsigned DEFAULT NULL,
  `Calories_per_100` int(10) unsigned DEFAULT NULL,
  PRIMARY KEY (`Ingredients_ID`),
  KEY `fk_ingredients_group` (`FoodGroup_ID`),
  CONSTRAINT `fk_ingredients_group` FOREIGN KEY (`FoodGroup_ID`) REFERENCES `foodgroup` (`FoodGroup_ID`) ON UPDATE CASCADE
) ENGINE=InnoDB AUTO_INCREMENT=3123146 DEFAULT CHARSET=utf8mb4 COLLATE=utf8mb4_general_ci;
/*!40101 SET character_set_client = @saved_cs_client */;

--
-- Dumping data for table `ingredients`
--

LOCK TABLES `ingredients` WRITE;
/*!40000 ALTER TABLE `ingredients` DISABLE KEYS */;
INSERT INTO `ingredients` VALUES (3123001,'Lasagna Pasta',3125003,360),(3123002,'Ground Beef',3125006,275),(3123003,'Onion',3125001,40),(3123004,'Garlic',3125001,111),(3123005,'Salt',3125011,0),(3123006,'Pepper',3125011,250),(3123007,'Marinara Sauce',3125001,52),(3123008,'Ricotta cheese',3125004,174),(3123009,'Mozzarella',3125004,280),(3123010,'Parmesan',3125004,431),(3123011,'Egg',3125008,155),(3123012,'Chicken ',3125007,165),(3123014,'Vinegar',3125011,20),(3123015,'Honey',3125011,304),(3123016,'Ginger',3125001,80),(3123017,'Corn Starch',3125003,381),(3123018,'Green Onion',3125001,32),(3123019,'Sesame seeds',3125010,573),(3123020,'Olive Oil',3125010,884),(3123021,'Spinach',3125001,23),(3123022,'Phyllo Pastry Sheets',3125003,300),(3123023,'Feta Cheese',3125004,264),(3123024,'Dill',3125011,43),(3123025,'Flour',3125003,364),(3123026,'Butter',3125004,717),(3123027,'White Sugar',3125011,387),(3123028,'Yeast',3125011,105),(3123029,'Milk',3125004,42),(3123030,'Macaroni',3125003,365),(3123031,'Cheddar Cheese',3125004,403),(3123032,'Potato',3125001,90),(3123033,'Enchilada sauce',3125011,40),(3123034,'Tortilla',3125003,218),(3123035,'Broccoli',3125001,34),(3123036,'Carrot',3125001,40),(3123037,'Snap Peas',3125001,42),(3123038,'Canned Cherries',3125002,50),(3123039,'Chocolate Sponge Cake Layers',3125003,300),(3123040,'Cherry Brandy',3125011,255),(3123041,'Whipped Cream',3125004,300),(3123042,'Dark Chocolate ',3125011,550),(3123043,'Apples',3125002,52),(3123044,'Cinnamon',3125011,247),(3123045,'Shrimps',3125009,150),(3123046,'Chicken Breast',3125007,165),(3123047,'Fettuccine Pasta',3125003,357),(3123048,'Heavy Cream',3125004,340),(3123049,'Puff Pastry',3125011,299),(3123050,'Chocolate Chips',3125011,535),(3123051,'Himalayan Salt',3125011,288),(3123052,'Baking Soda',3125011,0),(3123053,'Baguette',3125003,275),(3123054,'Basil',3125011,23),(3123055,'Balsamic Vinegar',3125011,88),(3123056,'Arborio Rice',3125003,360),(3123057,'	Mushrooms',3125001,22),(3123058,'White Wine',3125011,82),(3123059,'Vegetable Broth',3125011,5),(3123060,'Tortillas',3125003,218),(3123061,'Lettuce ',3125001,15),(3123062,'Sour Cream',3125011,198),(3123063,'	Avocado',3125001,160),(3123064,'Cilantro',3125001,23),(3123065,'Lemon',3125001,29),(3123066,'Parsley',3125001,36),(3123067,'Brown Sugar ',3125011,390),(3123068,'Tomatoes',3125001,35),(3123069,'Dry Onion',3125001,50),(3123071,'Red pepper Flakes',3125011,330),(3123072,'Baking Powder',3125011,0),(3123073,'Fresh Blueberries',3125002,80),(3123074,'Lemon Juice',3125002,0),(3123075,'Pork Cutlets',3125006,250),(3123076,'Bread Crumps',3125003,390),(3123077,'Vegetable Oil',3125010,884),(3123078,'Walnuts',3125010,654),(3123079,'Pistachios',3125010,560),(3123080,'Ground Cloves',3125011,300),(3123081,'Yogurt',3125004,61),(3123082,'Ground cumin',3125011,375),(3123083,'Tomato puree',3125001,32),(3123084,'Ground coriander',3125011,298),(3123085,'Garam masala',3125011,354),(3123086,'Basmati rice',3125003,130),(3123087,'Cardamom pods',3125011,200),(3123088,'Almonds',3125010,575),(3123089,'Raisins',3125002,299),(3123090,'Fresh basil leaves',3125011,20),(3123091,'Banana',3125002,88),(3123092,'Water',3125011,0),(3123093,'Vanilla stick',3125011,0),(3123094,'Koniak',3125011,280),(3123095,'Dulce de leche',3125004,360),(3123096,'Santigi',3125004,350),(3123097,'Yogurt',3125004,75),(3123098,'Hazelnut chocolate spread',3125011,550),(3123099,'Chocolate cookie spread',3125011,520),(3123100,'Strawberry spread',3125011,540),(3123101,'Garlic Powder',3125011,330),(3123102,'Sunflower oil',3125010,884),(3123103,'Rice flour ',3125003,366),(3123104,'Icing sugar ',3125011,1700),(3123105,' Red food coloring paste',3125011,0),(3123106,'Cocoa powder',3125011,288),(3123107,'Cucumber',3125001,15),(3123108,'Red Bell Pepper',3125001,31),(3123109,'Croutons',3125003,400),(3123110,'Eggplant',3125001,25),(3123111,'Green Bell Pepper',3125001,20),(3123112,'Bacon',3125006,540),(3123113,'Mustard',3125011,66),(3123114,'Pork ',3125006,245),(3123115,'Lemon Zest',3125001,5),(3123116,'Bay leaves',3125011,0),(3123117,'Egg Whites',3125008,51),(3123118,'Pineapple',3125002,55),(3123119,'Red pepper',3125001,35),(3123120,'Green Pepper',3125001,30),(3123121,'Rice vinegar ',3125011,15),(3123122,'Sweet Chilli Sauce',3125011,230),(3123123,'Pineapple juice',3125002,60),(3123124,'Spring onions',3125001,32),(3123125,' Coriander',3125011,20),(3123126,'Grapes',3125002,67),(3123127,'Strawberries',3125002,53),(3123128,'Baby potatoes',3125001,80),(3123129,'Oregano',3125011,265),(3123130,'Gelatine Sheets',3125011,333),(3123131,'Glucose ',3125011,400),(3123132,'Milk powder ',3125004,496),(3123133,'Egg Yolks',3125008,322),(3123134,'Crackers',3125003,504),(3123135,'Salmon Fillets',3125009,206),(3123136,'Merenda',3125011,380),(3123137,'Bread',3125003,250),(3123138,'Mixed Vegetables',3125001,30),(3123139,'Evaporated Milk',3125004,135),(3123140,'Sweetened Condensed Milk',3125004,330),(3123141,'Condensed milk, 3,5% fat',3125004,321),(3123142,'Cauliflower ',3125001,25),(3123143,'Paprica',3125011,31),(3123144,'Sweet potatoes',3125001,86),(3123145,'Cream cheese ',3125004,350);
/*!40000 ALTER TABLE `ingredients` ENABLE KEYS */;
UNLOCK TABLES;

--
-- Table structure for table `label`
--

DROP TABLE IF EXISTS `label`;
/*!40101 SET @saved_cs_client     = @@character_set_client */;
/*!50503 SET character_set_client = utf8mb4 */;
CREATE TABLE `label` (
  `Label_ID` int(10) unsigned NOT NULL AUTO_INCREMENT,
  `Label_Name` varchar(50) NOT NULL,
  `Recipe_ID` int(10) unsigned NOT NULL,
  PRIMARY KEY (`Label_ID`),
  KEY `fk_recipe_label` (`Recipe_ID`),
  CONSTRAINT `fk_recipe_label` FOREIGN KEY (`Recipe_ID`) REFERENCES `recipe` (`Recipe_ID`) ON UPDATE CASCADE
) ENGINE=InnoDB AUTO_INCREMENT=3130067 DEFAULT CHARSET=utf8mb4 COLLATE=utf8mb4_general_ci;
/*!40101 SET character_set_client = @saved_cs_client */;

--
-- Dumping data for table `label`
--

LOCK TABLES `label` WRITE;
/*!40000 ALTER TABLE `label` DISABLE KEYS */;
INSERT INTO `label` VALUES (3130001,'Hot Meal',3122001),(3130002,'Hot Meal',3122002),(3130003,'Appetizer',3122003),(3130004,'Brunch',3122004),(3130005,'Hot Meal',3122005),(3130006,'Hot Meal',3122006),(3130007,'Hot Meal',3122007),(3130008,'Quick-Lunch',3122007),(3130009,'Quick-Lunch',3122008),(3130010,'Hot Meal',3122009),(3130011,'Hot Meal',3122010),(3130012,'Dessert',3122011),(3130013,'Hot Meal',3122012),(3130014,'Quick-Lunch',3122013),(3130015,'Dessert',3122014),(3130016,'Dessert',3122015),(3130017,'Brunch',3122016),(3130018,'Hot Meal',3122017),(3130019,'Quick-Lunch',3122018),(3130020,'Hot Meal',3122019),(3130021,'Brunch',3122020),(3130022,'Appetizer',3122020),(3130023,'Dessert',3122020),(3130024,'Dessert',3122021),(3130027,'Dessert',3122022),(3130028,'Hot Meal',3122023),(3130029,'Dessert',3122024),(3130030,'Appetizer',3122025),(3130031,'Appetizer',3122026),(3130032,'Appetizer',3122028),(3130033,'Dessert',3122027),(3130034,'Appetizer',3122029),(3130035,'Quick-Lunch',3122029),(3130036,'Appetizer',3122030),(3130037,'Quick-Lunch',3122030),(3130038,'Hot Meal',3122032),(3130039,'Quick-Lunch',3122031),(3130040,'Brunch',3122033),(3130041,'Appetizer',3122033),(3130042,'Quick-Lunch',3122033),(3130043,'Dessert',3122034),(3130044,'Hot Meal',3122035),(3130045,'Dessert',3122036),(3130046,'Dessert',3122037),(3130047,'Appetizer',3122037),(3130048,'Dessert',3122038),(3130049,'Appetizer',3122038),(3130050,'Salad',3122039),(3130051,'Salad',3122040),(3130052,'Hot Meal',3122041),(3130053,'Dessert',3122042),(3130054,'Appetizer',3122042),(3130055,'Dessert',3122043),(3130056,'Hot Meal',3122044),(3130057,'Dessert',3122045),(3130058,'Dessert',3122046),(3130059,'Dessert',3122047),(3130060,'Hot Meal',3122048),(3130061,'Quick-Lunch',3122049),(3130062,'Quick-Lunch',3122050),(3130063,'Quick-Lunch',3122051),(3130064,'Appetizer',3122052),(3130065,'Appetizer',3122053),(3130066,'Hot Meal',3122054);
/*!40000 ALTER TABLE `label` ENABLE KEYS */;
UNLOCK TABLES;

--
-- Table structure for table `mealtype`
--

DROP TABLE IF EXISTS `mealtype`;
/*!40101 SET @saved_cs_client     = @@character_set_client */;
/*!50503 SET character_set_client = utf8mb4 */;
CREATE TABLE `mealtype` (
  `MealType_ID` int(10) unsigned NOT NULL AUTO_INCREMENT,
  `Recipe_ID` int(10) unsigned NOT NULL,
  `MealType_Name` varchar(50) NOT NULL,
  PRIMARY KEY (`MealType_ID`),
  KEY `fk_recipe_mealtype` (`Recipe_ID`),
  CONSTRAINT `fk_recipe_mealtype` FOREIGN KEY (`Recipe_ID`) REFERENCES `recipe` (`Recipe_ID`) ON UPDATE CASCADE
) ENGINE=InnoDB AUTO_INCREMENT=3124099 DEFAULT CHARSET=utf8mb4 COLLATE=utf8mb4_general_ci;
/*!40101 SET character_set_client = @saved_cs_client */;

--
-- Dumping data for table `mealtype`
--

LOCK TABLES `mealtype` WRITE;
/*!40000 ALTER TABLE `mealtype` DISABLE KEYS */;
INSERT INTO `mealtype` VALUES (3124001,3122001,'Lunch'),(3124002,3122001,'Dinner'),(3124003,3122002,'Lunch'),(3124004,3122002,'Dinner'),(3124005,3122003,'Breakfast'),(3124006,3122003,'Lunch'),(3124007,3122003,'Dinner'),(3124008,3122004,'Breakfast'),(3124009,3122004,'Mid-morning snack'),(3124010,3122004,'Afternoon snack'),(3124011,3122005,'Lunch'),(3124012,3122005,'Dinner'),(3124013,3122006,'Breakfast'),(3124014,3122006,'Lunch'),(3124015,3122006,'Dinner'),(3124016,3122007,'Lunch'),(3124017,3122007,'Dinner'),(3124018,3122008,'Lunch'),(3124019,3122008,'Dinner'),(3124020,3122009,'Lunch'),(3124021,3122009,'Dinner'),(3124022,3122010,'Lunch'),(3124023,3122010,'Dinner'),(3124024,3122011,'Afternoon snack'),(3124025,3122012,'Dinner'),(3124026,3122013,'Lunch'),(3124027,3122014,'Afternoon snack'),(3124028,3122015,'Afternoon snack'),(3124029,3122016,'Mid-morning snack'),(3124030,3122017,'Lunch'),(3124031,3122018,'Dinner'),(3124032,3122019,'Lunch'),(3124033,3122020,'Breakfast'),(3124034,3122020,'Μid-morning snack'),(3124035,3122020,'Afternoon snack'),(3124039,3122012,'Lunch'),(3124040,3122022,'Afternoon snack'),(3124041,3122023,'Lunch'),(3124042,3122023,'Dinner'),(3124043,3122024,'Afternoon snack'),(3124044,3122024,'Mid-morning snack'),(3124045,3122025,'Lunch'),(3124046,3122025,'Dinner'),(3124047,3122021,'Afternoon snack'),(3124048,3122026,'Afternoon snack'),(3124049,3122026,'Μid-morning snack'),(3124050,3122028,'Afternoon snack'),(3124051,3122027,'Afternoon snack'),(3124052,3122029,'Lunch'),(3124053,3122029,'Dinner'),(3124054,3122030,'Lunch'),(3124055,3122030,'Dinner'),(3124056,3122032,'Dinner'),(3124057,3122032,'Lunch'),(3124058,3122031,'Lunch'),(3124059,3122033,'Breakfast'),(3124060,3122033,'Mid-morning snack'),(3124061,3122033,'Afternoon snack'),(3124062,3122033,'Dinner'),(3124063,3122034,'Afternoon snack'),(3124064,3122035,'Dinner'),(3124065,3122035,'Lunch'),(3124066,3122036,'Afternoon snack'),(3124067,3122037,'Μid-morning snack'),(3124068,3122037,'Afternoon snack'),(3124069,3122038,'Μid-morning snack'),(3124070,3122038,'Afternoon snack'),(3124071,3122039,'Lunch'),(3124072,3122039,'Dinner'),(3124073,3122040,'Lunch'),(3124074,3122040,'Dinner'),(3124075,3122041,'Lunch'),(3124076,3122041,'Dinner'),(3124077,3122042,'Breakfast'),(3124078,3122042,'Μid-morning snack'),(3124079,3122042,'Afternoon snack'),(3124080,3122043,'Afternoon snack'),(3124081,3122044,'Lunch'),(3124082,3122044,'Dinner'),(3124083,3122045,'Μid-morning snack'),(3124084,3122045,'Afternoon snack'),(3124085,3122046,'Μid-morning snack'),(3124086,3122047,'Afternoon snack'),(3124087,3122047,'Mid-morning snack'),(3124088,3122048,'Breakfast'),(3124089,3122048,'Lunch'),(3124090,3122048,'Dinner'),(3124091,3122049,'Mid-morning snack'),(3124092,3122050,'Lunch'),(3124093,3122050,'Dinner'),(3124094,3122051,'Dinner'),(3124095,3122052,'Afternoon snack'),(3124096,3122053,'Lunch'),(3124097,3122054,'Lunch'),(3124098,3122054,'Dinner');
/*!40000 ALTER TABLE `mealtype` ENABLE KEYS */;
UNLOCK TABLES;

--
-- Table structure for table `nutritionalinfo`
--

DROP TABLE IF EXISTS `nutritionalinfo`;
/*!40101 SET @saved_cs_client     = @@character_set_client */;
/*!50503 SET character_set_client = utf8mb4 */;
CREATE TABLE `nutritionalinfo` (
  `Recipe_ID` int(10) unsigned NOT NULL,
  `Calories` int(10) unsigned DEFAULT NULL,
  `Fat` int(10) unsigned DEFAULT NULL,
  `Proteins` int(10) unsigned DEFAULT NULL,
  `Carbs` int(10) unsigned DEFAULT NULL,
  PRIMARY KEY (`Recipe_ID`),
  CONSTRAINT `fk_nutrinfo_recipe` FOREIGN KEY (`Recipe_ID`) REFERENCES `recipe` (`Recipe_ID`) ON UPDATE CASCADE
) ENGINE=InnoDB DEFAULT CHARSET=utf8mb4 COLLATE=utf8mb4_general_ci;
/*!40101 SET character_set_client = @saved_cs_client */;

--
-- Dumping data for table `nutritionalinfo`
--

LOCK TABLES `nutritionalinfo` WRITE;
/*!40000 ALTER TABLE `nutritionalinfo` DISABLE KEYS */;
INSERT INTO `nutritionalinfo` VALUES (3122001,0,20,20,40),(3122002,0,15,90,40),(3122003,0,20,12,30),(3122004,0,20,8,25),(3122005,0,15,10,25),(3122006,0,10,15,15),(3122007,0,8,3,15),(3122008,0,15,3,50),(3122009,0,8,3,40),(3122010,0,20,15,15),(3122011,0,30,5,40),(3122012,0,20,25,15),(3122013,0,20,30,40),(3122014,0,13,5,55),(3122015,0,25,6,60),(3122016,0,4,5,30),(3122017,0,22,15,41),(3122018,0,5,15,15),(3122019,0,20,25,30),(3122020,0,7,3,40),(3122021,0,27,13,76),(3122022,0,13,5,30),(3122023,0,20,30,15),(3122024,0,7,7,40),(3122025,0,15,10,4),(3122026,0,4,9,29),(3122027,0,3,2,21),(3122028,0,6,7,1),(3122029,0,4,2,9),(3122030,0,10,8,16),(3122031,0,8,5,25),(3122032,0,25,22,64),(3122033,0,5,6,0),(3122034,0,0,1,40),(3122035,0,22,39,29),(3122036,0,15,5,22),(3122037,0,10,4,35),(3122038,0,30,7,35),(3122039,0,20,8,10),(3122040,0,25,8,10),(3122041,0,20,30,0),(3122042,0,15,10,20),(3122043,0,5,3,20),(3122044,0,10,5,50),(3122045,0,20,5,40),(3122046,0,10,2,25),(3122047,0,5,3,30),(3122048,0,15,10,30),(3122049,0,13,10,20),(3122050,0,8,3,6),(3122051,0,19,10,6),(3122052,0,1,0,9),(3122053,0,6,3,29),(3122054,0,21,9,25);
/*!40000 ALTER TABLE `nutritionalinfo` ENABLE KEYS */;
UNLOCK TABLES;

--
-- Table structure for table `rec_them`
--

DROP TABLE IF EXISTS `rec_them`;
/*!40101 SET @saved_cs_client     = @@character_set_client */;
/*!50503 SET character_set_client = utf8mb4 */;
CREATE TABLE `rec_them` (
  `Rec_Them_ID` int(10) unsigned NOT NULL AUTO_INCREMENT,
  `Recipe_ID` int(10) unsigned NOT NULL,
  `Theme_ID` int(10) unsigned NOT NULL,
  PRIMARY KEY (`Rec_Them_ID`),
  KEY `fk_theme_recipe` (`Recipe_ID`),
  KEY `fk_rec_them_theme` (`Theme_ID`),
  CONSTRAINT `fk_rec_them_theme` FOREIGN KEY (`Theme_ID`) REFERENCES `theme` (`Theme_ID`) ON UPDATE CASCADE,
  CONSTRAINT `fk_theme_recipe` FOREIGN KEY (`Recipe_ID`) REFERENCES `recipe` (`Recipe_ID`) ON UPDATE CASCADE
) ENGINE=InnoDB AUTO_INCREMENT=3127109 DEFAULT CHARSET=utf8mb4 COLLATE=utf8mb4_general_ci;
/*!40101 SET character_set_client = @saved_cs_client */;

--
-- Dumping data for table `rec_them`
--

LOCK TABLES `rec_them` WRITE;
/*!40000 ALTER TABLE `rec_them` DISABLE KEYS */;
INSERT INTO `rec_them` VALUES (3127001,3122001,1),(3127002,3122001,2),(3127003,3122002,3),(3127004,3122003,2),(3127005,3122003,4),(3127006,3122003,1),(3127007,3122004,1),(3127008,3122004,5),(3127009,3122005,5),(3127010,3122005,6),(3127011,3122005,7),(3127012,3122006,8),(3127013,3122006,2),(3127014,3122007,1),(3127015,3122007,4),(3127016,3122008,8),(3127017,3122008,5),(3127018,3122008,6),(3127019,3122008,7),(3127020,3122009,2),(3127021,3122009,7),(3127022,3122010,1),(3127023,3122010,2),(3127024,3122011,2),(3127025,3122012,2),(3127026,3122013,7),(3127027,3122014,5),(3127028,3122015,5),(3127029,3122016,7),(3127030,3122017,3),(3127031,3122018,2),(3127032,3122019,3),(3127033,3122020,5),(3127034,3122012,1),(3127035,3122022,1),(3127036,3122023,1),(3127037,3122023,2),(3127038,3122024,5),(3127039,3122024,7),(3127040,3122024,1),(3127041,3122025,7),(3127042,3122021,2),(3127043,3122026,7),(3127044,3122028,6),(3127045,3122028,7),(3127046,3122027,1),(3127047,3122027,5),(3127048,3122027,2),(3127049,3122029,7),(3127050,3122029,6),(3127051,3122029,5),(3127052,3122030,1),(3127053,3122032,3),(3127054,3122032,2),(3127055,3122031,5),(3127056,3122031,2),(3127057,3122033,5),(3127058,3122033,7),(3127059,3122033,6),(3127060,3122033,4),(3127061,3122034,5),(3127062,3122035,4),(3127063,3122035,3),(3127064,3122035,2),(3127065,3122036,5),(3127066,3122036,8),(3127067,3122036,2),(3127068,3122036,6),(3127069,3122037,2),(3127070,3122037,5),(3127071,3122037,8),(3127072,3122038,2),(3127073,3122038,8),(3127074,3122039,1),(3127075,3122039,2),(3127076,3122039,4),(3127077,3122040,2),(3127078,3122040,3),(3127079,3122040,4),(3127080,3122041,2),(3127081,3122041,3),(3127082,3122041,4),(3127083,3122042,5),(3127084,3122042,6),(3127085,3122043,1),(3127086,3122043,8),(3127087,3122044,2),(3127088,3122044,7),(3127089,3122044,8),(3127090,3122045,2),(3127091,3122046,3),(3127092,3122046,4),(3127093,3122046,5),(3127094,3122047,4),(3127095,3122047,5),(3127096,3122048,1),(3127097,3122049,8),(3127098,3122050,4),(3127099,3122050,8),(3127100,3122051,7),(3127101,3122051,8),(3127102,3122052,7),(3127103,3122052,8),(3127104,3122053,4),(3127105,3122053,6),(3127106,3122054,4),(3127107,3122054,5),(3127108,3122054,7);
/*!40000 ALTER TABLE `rec_them` ENABLE KEYS */;
UNLOCK TABLES;

--
-- Table structure for table `recipe`
--

DROP TABLE IF EXISTS `recipe`;
/*!40101 SET @saved_cs_client     = @@character_set_client */;
/*!50503 SET character_set_client = utf8mb4 */;
CREATE TABLE `recipe` (
  `Recipe_ID` int(10) unsigned NOT NULL AUTO_INCREMENT,
  `Name` varchar(70) NOT NULL,
  `Type` enum('Cooking','Pastry') NOT NULL,
  `Cuisine_ID` int(10) unsigned DEFAULT NULL,
  `Description` text NOT NULL,
  `Difficulty_level` tinyint(3) unsigned NOT NULL CHECK (`Difficulty_level` between 1 and 5),
  `Preparation_Time` time DEFAULT NULL,
  `Cooking_Time` time DEFAULT NULL,
  `Quantity` int(10) unsigned NOT NULL,
  `Main_Ingredient_ID` int(10) unsigned DEFAULT NULL,
  PRIMARY KEY (`Recipe_ID`),
  KEY `fk_recipe_cuisine` (`Cuisine_ID`),
  KEY `fk_recipe_ingredient` (`Main_Ingredient_ID`),
  CONSTRAINT `fk_recipe_cuisine` FOREIGN KEY (`Cuisine_ID`) REFERENCES `cuisine` (`Cuisine_ID`) ON UPDATE CASCADE,
  CONSTRAINT `fk_recipe_ingredient` FOREIGN KEY (`Main_Ingredient_ID`) REFERENCES `ingredients` (`Ingredients_ID`) ON UPDATE CASCADE
) ENGINE=InnoDB AUTO_INCREMENT=3122055 DEFAULT CHARSET=utf8mb4 COLLATE=utf8mb4_general_ci;
/*!40101 SET character_set_client = @saved_cs_client */;

--
-- Dumping data for table `recipe`
--

LOCK TABLES `recipe` WRITE;
/*!40000 ALTER TABLE `recipe` DISABLE KEYS */;
INSERT INTO `recipe` VALUES (3122001,'Lasagna','Cooking',3128007,'Lasagna is a classic Italian dish consisting of layers of lasagna noodles, sauce, meat and other toppings.',2,'00:00:30','00:00:45',12,3123001),(3122002,'Teriyaki Chicken','Cooking',3128008,'Succulent chicken strips cooked in a sweet and savory teriyaki sauce.',2,'00:00:30','00:00:15',4,3123012),(3122003,'Spanakopita','Cooking',3128005,'Greek traditional dish, it\'s a pie with phyllo pastry and spinach and cheese filling.',3,'00:00:40','00:00:45',8,3123021),(3122004,'Croissant','Pastry',3128003,'French traditional pastry made drom puff pastry.',4,'00:00:00','00:00:20',14,3123025),(3122005,'Mac \'n\' Cheese','Cooking',3128001,'A classic American dish made of macaroni and a cheese sauce.',1,'00:00:10','00:00:20',6,3123030),(3122006,'Chicken Enchiladas','Cooking',3128009,'A Mexican dish that\'s made from tortillas wrapped around chicken and cooked in a spicy sauce',2,'00:00:30','00:00:15',6,3123012),(3122007,'Stir-Fried Vegetables with Soy Sauce','Cooking',3128002,'A quick, flavorful Chinese dish. Colorful veggies stir-fried with garlic and soy sauce. Ready in minutes!',2,'00:00:15','00:00:07',4,3123006),(3122008,'French Fries','Cooking',3128001,'French fries are crispy potato with golden crunch and fluffy insides, perfect for dipping.',2,'00:00:20','00:00:20',4,3123032),(3122009,'Roast Potatoes','Cooking',3128005,'Roast potatoes are seasoned and baked until crispy on the outside and tender on the inside.',2,'00:00:15','00:00:45',4,3123032),(3122010,'Spanish Omelette','Cooking',3128011,'Spanish omelette, made with eggs, potatoes, and onions, offers a delicious blend of creamy texture and savory taste.',4,'00:00:15','00:00:30',6,3123011),(3122011,'Black Forest Cake','Pastry',3128004,'This traditional German cake combines rich chocolate cake layers with fresh cherries, cherry liqueur, and a simple whipped cream frosting.',3,'00:00:40','00:00:30',10,3123038),(3122012,'Schnitzel','Cooking',3128004,'In its most basic form, schnitzel is a slice of meat, often pounded until fairly thin, then breaded and fried.',3,'00:00:25','00:00:20',4,3123075),(3122013,'Beef Stir-Fry','Cooking',3128005,'Beef Stir-Fry is a quick and flavorful dish made with thinly sliced beef, colorful vegetables, and a savory stir-fry sauce',2,'00:00:15','00:00:10',4,3123002),(3122014,'Apple Turnovers','Pastry',3128001,'Apple turnovers are delicious flaky pastries filled with sweet cinnamon-spiced apples, perfect for breakfast or dessert',2,'00:00:20','00:00:25',6,3123043),(3122015,'Chocolate Chip Cookies','Pastry',3128001,'Chocolate chip cookies are classic, chewy cookies loaded with chocolate chips, perfect for satisfying your sweet tooth',2,'00:00:15','00:00:15',24,3123042),(3122016,'Tomato Basil Bruschetta','Cooking',3128008,'Tomato basil bruschetta is a delicious appetizer made with toasted bread slices topped with a mixture of diced tomatoes, fresh basil, garlic, olive oil, and balsamic vinegar.',1,'00:00:15','00:00:05',6,3123009),(3122017,'Mushroom Risotto','Cooking',3128002,'Mushroom risotto is a creamy Italian rice dish cooked with mushrooms, onions, garlic, white wine, and Parmesan cheese, resulting in a rich and flavorful meal',3,'00:00:10','00:00:30',4,3123010),(3122018,'Beef Tacos','Cooking',3128009,'Beef tacos are a popular Mexican dish consisting of seasoned ground beef served in tortillas and topped with various ingredients such as lettuce, cheese, tomatoes, and salsa',1,'00:00:10','00:00:15',6,3123012),(3122019,' Lemon Garlic Shrimp Pasta','Cooking',3128005,'Lemon garlic shrimp pasta is a flavorful dish featuring succulent shrimp cooked in a buttery garlic and lemon sauce, tossed with cooked pasta and fresh parsley',2,'00:00:15','00:00:15',4,3123045),(3122020,'Blueberry Muffins','Pastry',3128001,'Bursting with juicy blueberries and a tender crumb, perfect for a quick treat anytime.',1,'00:00:10','00:00:25',6,3123073),(3122021,'Profiterol Banoffe','Pastry',3128003,'An irresistible combination of 2 favorite desserts, profiteroles and banoffee, with homemade sodas, caramel cream, banana and whipped cream!',5,'00:00:35','00:00:50',8,3123091),(3122022,'Baklava','Pastry',3128010,'It\'s a layered dessert made of filo pastry sheets, filled with chopped nuts, and sweetened with syrup or honey.',3,'00:00:30','00:00:35',15,3123022),(3122023,'Chicken Tikka Masala','Cooking',3128006,'It\'s a popular Indian curried dish made with boneless chicken, ground spices, onions, tomatoes, cream and herbs.',3,'00:00:20','00:00:30',4,3123012),(3122024,'Kheer','Pastry',3128006,'Kheer, also known as payasam or payesh, is a pudding/porridge popular in the Indian subcontinent, usually made by boiling milk, sugar or jaggery, and rice.',2,'00:00:10','00:00:50',6,3123086),(3122025,'Caprese Salad','Cooking',3128007,'It is an Italian salad, made of sliced fresh mozzarella, tomatoes, and sweet basil, seasoned with salt, and olive oil.',1,'00:00:10','00:00:00',4,3123068),(3122026,'Bagels with just 2 ingridients','Cooking',3128001,'The ultimate recipe for easy homemade bagels! Featuring only 2 ingredients and the coating of your choice, these bagels are baked and enjoyed as a snack at any of the day!',2,'00:00:15','00:00:00',6,3123097),(3122027,'Mochi','Pastry',3128008,'Mochi is one of the most popular sweet treats in Japan, made from \'mochigome,\' a sticky variety of rice, and usually filled with ice cream.  This recipe features rice flour and milk as a base, and luscious spreads as a filling for the yummiest mochi!',4,'00:00:30','00:00:05',15,3123029),(3122028,'Parmesan Crisps','Cooking',3128007,'The ultimate Italian crunchy snack, made out of only 3 ingredients.',1,'00:00:05','00:00:05',4,3123010),(3122029,'Gazpacho','Cooking',3128011,'Gazpacho is a classic cold Spanish soup, perfect for sweltering summer days',2,'00:00:15','00:00:00',5,3123068),(3122030,'Şakşuka','Cooking',3128010,'It is a Turkish dish of eggs poached in a sauce of vegetables.',2,'00:00:15','00:00:25',4,3123110),(3122031,'Kartoffelsalat','Cooking',3128004,'Kartoffelsalat is a traditional German potato salad hailing from the region of Swabia in Southern Germany.',2,'00:00:15','00:00:25',4,3123032),(3122032,'Sweet and sour pineapple pork','Cooking',3128002,'Sweet and sour pineapple pork is a classic dish that combines tender chunks of pork with vibrant pineapple pieces, all bathed in a deliciously tangy-sweet sauce. It\'s a delightful blend of savory and fruity flavors, creating a mouthwatering experience that\'s both satisfying and memorable.',5,'00:00:25','00:00:20',6,3123114),(3122033,'Poached Eggs (Poché)','Cooking',3128003,'A poached egg is an egg cooked gently in boiling water, without its shell.',2,'00:00:02','00:00:15',2,3123011),(3122034,'Tanghulu ','Pastry',3128008,'his popular northern China candied fruit snack, or tanghulu, is a fun dessert to serve at parties or for kids.',2,'00:00:05','00:00:15',6,3123126),(3122035,'Baked lemon and oregano chicken','Cooking',3128005,'Prepare this hearty main course with juicy chicken in a herby marinade and tender potatoes, baked in the oven until golden crispy.',4,'00:00:25','00:01:05',6,3123012),(3122036,'Chocolate gelato','Pastry',3128007,'\nChocolate gelato is a creamy frozen dessert that originates from Italy. It shares similarities with ice cream but has a denser texture and a more intense chocolate flavor. ',4,'00:00:00','00:07:20',5,3123029),(3122037,'Banana Bread','Pastry',3128001,'A moist and flavorful quick bread made with ripe bananas, often enhanced with nuts or chocolate chips.',3,'00:00:15','00:00:00',8,3123091),(3122038,'Cheesecake','Pastry',3128003,'A rich and creamy dessert consisting of a crust (usually made from crushed cookies or graham crackers) topped with a smooth and dense layer of sweetened cream cheese, often baked and chilled before serving.',4,'00:00:20','00:00:00',8,3123041),(3122039,'Greek Salad','Cooking',3128005,'A refreshing and colorful salad made with crisp lettuce, juicy tomatoes, cucumber, red onion, Kalamata olives, and feta cheese, dressed with olive oil, lemon juice, and herbs like oregano.',1,'00:00:15','00:00:00',4,3123068),(3122040,'Caesar Salad','Cooking',3128007,'A classic salad featuring crisp romaine lettuce tossed with garlic-infused dressing (usually made with olive oil, lemon juice, anchovies, garlic, Dijon mustard, and Parmesan cheese), croutons, and Parmesan cheese shavings.',2,'00:00:10','00:00:00',4,3123061),(3122041,'Grilled Salmon','Cooking',3128007,'Succulent salmon fillets seasoned and grilled to perfection, resulting in a smoky flavor and tender texture. Often served with lemon wedges and fresh herbs.',4,'00:00:10','00:00:10',4,3123135),(3122042,'Slices of Merenda','Pastry',3128007,'Simple yet delicious Italian snacks consisting of bread slices topped with various ingredients such as tomatoes, cheese, cured meats (like prosciutto or salami), olives, or spreads like pesto or tapenade.',1,'00:00:10','00:00:00',6,3123136),(3122043,'Gulab Jamun','Pastry',3128006,'Soft, fried dough balls soaked in fragrant syrup flavored with cardamom and rose water.',5,'00:00:20','00:00:30',20,3123132),(3122044,'Veg Biryani','Cooking',3128006,'A fragrant blend of basmati rice, mixed veggies, and spices cooked into a fluffy, aromatic delight.',4,'00:00:30','00:00:40',6,3123086),(3122045,'Tres Leches Cake','Pastry',3128009,'A moist sponge cake soaked in a heavenly blend of evaporated milk, condensed milk, and heavy cream, topped with fluffy whipped cream for an indulgent treat.',4,'00:00:20','00:00:30',8,3123025),(3122046,'Churros','Pastry',3128011,'Crispy fried dough treats, coated in cinnamon sugar for a warm, aromatic flavor. Perfect for dipping in chocolate or caramel sauce for an extra indulgence.',3,'00:00:15','00:00:20',5,3123025),(3122047,'Bunuelos','Pastry',3128009,'Crispy fried dough treats/ resembling thin, sweet tortillas. Sprinkled with cinnamon sugar or drizzled with honey or syrup, they offer a delightful sweetness to their crunchy texture, making them a beloved treat enjoyed during festive occasions across cultures.',4,'00:00:30','00:00:20',9,3123025),(3122048,'Börek','Pastry',3128010,'A savory Turkish pastry with thin dough layers filled with cheese, spinach, or minced meat, baked until crispy and golden, enjoyed as a versatile snack or meal.',3,'00:00:40','00:00:30',8,3123022),(3122049,'Spanish Tortilla','Cooking',3128011,'A tortilla filled with eggs and creamy vegetables',2,'00:00:10','00:00:20',2,3123011),(3122050,'Cauliflower steaks ','Cooking',3128005,'If you are looking for the perfect way to cook your cauliflower, this is the recipe you have to try! Prepare well-seasoned cauliflower steaks and bake them in the oven until golden and crispy!',2,'00:00:25','00:00:20',8,3123142),(3122051,'Cheese and bacon stuffed mushrooms','Cooking',3128010,'Cheese and bacon stuffed mushrooms are savory appetizers bursting with flavor and texture. Large mushroom caps are filled with a rich mixture of cream cheese, shredded cheese, crispy bacon bits, and aromatic seasonings like garlic and herbs.',2,'00:00:15','00:00:25',6,3123057),(3122052,'Pickled onion','Cooking',3128010,'Upgrade your dishes by adding a little homemade pickled onion! Follow the recipe and prepare this flavorful delicacy easily and quickly!',1,'00:00:10','00:00:05',3,3123003),(3122053,'Oven-baked sweet potato fries','Cooking',3128011,'Oven-baked sweet potato fries are a healthier alternative to traditional fries, offering a satisfying crunch with a naturally sweet flavor.',2,'00:00:10','00:00:30',4,3123144),(3122054,'Baked sweet potatoes with eggs','Cooking',3128011,'The result is a delicious combination of creamy sweet potato and perfectly cooked eggs, making for a satisfying and flavorful dish that\'s as easy to make as it is delicious to eat.',3,'00:00:15','00:00:00',4,3123144);
/*!40000 ALTER TABLE `recipe` ENABLE KEYS */;
UNLOCK TABLES;

--
-- Table structure for table `recipe_equipment`
--

DROP TABLE IF EXISTS `recipe_equipment`;
/*!40101 SET @saved_cs_client     = @@character_set_client */;
/*!50503 SET character_set_client = utf8mb4 */;
CREATE TABLE `recipe_equipment` (
  `Rec_Equip_ID` int(10) unsigned NOT NULL AUTO_INCREMENT,
  `Recipe_ID` int(10) unsigned NOT NULL,
  `Equipment_ID` int(10) unsigned NOT NULL,
  PRIMARY KEY (`Rec_Equip_ID`),
  KEY `fk_recipe_equipment_recipe` (`Recipe_ID`),
  KEY `fk_recipe_equipment_equipment` (`Equipment_ID`),
  CONSTRAINT `fk_recipe_equipment_equipment` FOREIGN KEY (`Equipment_ID`) REFERENCES `equipment` (`Equipment_ID`) ON UPDATE CASCADE,
  CONSTRAINT `fk_recipe_equipment_recipe` FOREIGN KEY (`Recipe_ID`) REFERENCES `recipe` (`Recipe_ID`) ON UPDATE CASCADE
) ENGINE=InnoDB AUTO_INCREMENT=3136245 DEFAULT CHARSET=utf8mb4 COLLATE=utf8mb4_general_ci;
/*!40101 SET character_set_client = @saved_cs_client */;

--
-- Dumping data for table `recipe_equipment`
--

LOCK TABLES `recipe_equipment` WRITE;
/*!40000 ALTER TABLE `recipe_equipment` DISABLE KEYS */;
INSERT INTO `recipe_equipment` VALUES (3136001,3122001,3131001),(3136002,3122001,3131002),(3136003,3122001,3131003),(3136004,3122001,3131004),(3136005,3122001,3131005),(3136006,3122002,3131002),(3136007,3122002,3131003),(3136008,3122002,3131006),(3136009,3122002,3131007),(3136010,3122002,3131008),(3136011,3122002,3131010),(3136012,3122003,3131004),(3136013,3122003,3131002),(3136014,3122003,3131003),(3136015,3122003,3131011),(3136016,3122003,3131007),(3136017,3122001,3131014),(3136018,3122002,3131015),(3136019,3122003,3131014),(3136020,3122004,3131014),(3136021,3122004,3131003),(3136022,3122004,3131008),(3136023,3122004,3131012),(3136024,3122004,3131011),(3136025,3122004,3131013),(3136026,3122005,3131001),(3136027,3122005,3131004),(3136028,3122005,3131014),(3136029,3122005,3131015),(3136030,3122005,3131016),(3136031,3122005,3131017),(3136032,3122006,3131004),(3136033,3122007,3131002),(3136034,3122007,3131003),(3136035,3122007,3131005),(3136036,3122007,3131006),(3136037,3122007,3131007),(3136038,3122007,3131015),(3136039,3122008,3131002),(3136040,3122008,3131005),(3136041,3122008,3131010),(3136042,3122008,3131015),(3136043,3122009,3131005),(3136044,3122009,3131010),(3136045,3122009,3131013),(3136046,3122009,3131014),(3136047,3122010,3131002),(3136048,3122010,3131003),(3136049,3122010,3131005),(3136050,3122010,3131007),(3136051,3122010,3131015),(3136052,3122006,3131003),(3136053,3122006,3131014),(3136054,3122011,3131018),(3136055,3122011,3131011),(3136056,3122011,3131009),(3136057,3122011,3131005),(3136058,3122011,3131003),(3136059,3122013,3131002),(3136060,3122013,3131003),(3136061,3122013,3131005),(3136062,3122013,3131006),(3136063,3122013,3131007),(3136064,3122014,3131010),(3136065,3122014,3131012),(3136066,3122014,3131013),(3136067,3122014,3131019),(3136068,3122014,3131020),(3136069,3122015,3131003),(3136070,3122015,3131013),(3136071,3122015,3131017),(3136072,3122015,3131021),(3136073,3122016,3131003),(3136074,3122016,3131006),(3136075,3122016,3131007),(3136076,3122016,3131013),(3136077,3122017,3131006),(3136078,3122017,3131007),(3136079,3122017,3131008),(3136080,3122017,3131014),(3136081,3122017,3131017),(3136082,3122018,3131002),(3136083,3122018,3131020),(3136084,3122018,3131022),(3136085,3122018,3131023),(3136086,3122019,3131001),(3136087,3122019,3131002),(3136088,3122019,3131006),(3136089,3122019,3131007),(3136090,3122019,3131022),(3136091,3122019,3131024),(3136092,3122020,3131003),(3136093,3122020,3131005),(3136094,3122020,3131009),(3136098,3122012,3131025),(3136099,3122012,3131026),(3136100,3122012,3131012),(3136101,3122012,3131003),(3136102,3122012,3131002),(3136103,3122022,3131013),(3136104,3122022,3131011),(3136105,3122022,3131007),(3136106,3122022,3131003),(3136107,3122022,3131024),(3136108,3122023,3131027),(3136109,3122023,3131028),(3136110,3122023,3131002),(3136111,3122023,3131003),(3136112,3122023,3131017),(3136113,3122024,3131016),(3136114,3122024,3131017),(3136115,3122024,3131008),(3136116,3122024,3131015),(3136117,3122025,3131029),(3136118,3122025,3131006),(3136119,3122025,3131007),(3136120,3122021,3131030),(3136121,3122021,3131020),(3136122,3122021,3131003),(3136123,3122021,3131009),(3136124,3122021,3131031),(3136125,3122021,3131032),(3136126,3122021,3131033),(3136127,3122021,3131005),(3136128,3122021,3131034),(3136129,3122026,3131003),(3136130,3122026,3131003),(3136131,3122026,3131014),(3136132,3122027,3131035),(3136133,3122027,3131009),(3136134,3122027,3131012),(3136135,3122027,3131003),(3136136,3122027,3131020),(3136137,3122028,3131003),(3136138,3122028,3131021),(3136139,3122028,3131013),(3136140,3122028,3131036),(3136141,3122029,3131037),(3136142,3122029,3131003),(3136143,3122029,3131007),(3136144,3122030,3131002),(3136145,3122030,3131006),(3136146,3122030,3131007),(3136147,3122030,3131021),(3136148,3122032,3131002),(3136149,3122032,3131003),(3136150,3122032,3131038),(3136151,3122032,3131001),(3136152,3122031,3131001),(3136153,3122031,3131002),(3136154,3122031,3131003),(3136155,3122031,3131009),(3136156,3122031,3131015),(3136157,3122031,3131018),(3136158,3122031,3131029),(3136159,3122033,3131038),(3136160,3122033,3131001),(3136161,3122033,3131020),(3136162,3122033,3131025),(3136163,3122034,3131016),(3136164,3122034,3131028),(3136165,3122034,3131013),(3136166,3122034,3131036),(3136167,3122035,3131003),(3136168,3122035,3131014),(3136169,3122035,3131032),(3136170,3122036,3131039),(3136171,3122036,3131009),(3136172,3122036,3131040),(3136173,3122036,3131037),(3136174,3122036,3131003),(3136175,3122036,3131041),(3136176,3122037,3131003),(3136177,3122037,3131010),(3136178,3122037,3131009),(3136179,3122037,3131005),(3136180,3122037,3131014),(3136181,3122038,3131003),(3136182,3122038,3131005),(3136183,3122038,3131014),(3136184,3122038,3131037),(3136185,3122039,3131003),(3136186,3122039,3131006),(3136187,3122039,3131007),(3136188,3122039,3131009),(3136189,3122039,3131020),(3136190,3122040,3131003),(3136191,3122040,3131006),(3136192,3122040,3131007),(3136193,3122040,3131009),(3136194,3122040,3131020),(3136195,3122041,3131027),(3136196,3122041,3131022),(3136197,3122041,3131003),(3136198,3122041,3131011),(3136199,3122042,3131042),(3136200,3122042,3131007),(3136201,3122042,3131029),(3136202,3122043,3131003),(3136203,3122043,3131002),(3136204,3122043,3131021),(3136205,3122043,3131016),(3136206,3122044,3131001),(3136207,3122044,3131005),(3136208,3122045,3131003),(3136209,3122045,3131002),(3136210,3122045,3131009),(3136211,3122045,3131034),(3136212,3122045,3131010),(3136213,3122046,3131016),(3136214,3122046,3131026),(3136215,3122046,3131002),(3136216,3122046,3131021),(3136217,3122047,3131003),(3136218,3122047,3131002),(3136219,3122047,3131021),(3136220,3122048,3131004),(3136221,3122048,3131011),(3136222,3122048,3131003),(3136223,3122048,3131007),(3136224,3122049,3131002),(3136225,3122050,3131002),(3136226,3122050,3131014),(3136227,3122050,3131032),(3136228,3122051,3131006),(3136229,3122051,3131007),(3136230,3122051,3131003),(3136231,3122051,3131032),(3136232,3122051,3131002),(3136233,3122052,3131002),(3136234,3122052,3131043),(3136235,3122053,3131003),(3136236,3122053,3131006),(3136237,3122053,3131007),(3136238,3122053,3131014),(3136239,3122053,3131032),(3136240,3122054,3131003),(3136241,3122054,3131006),(3136242,3122054,3131007),(3136243,3122054,3131014),(3136244,3122054,3131032);
/*!40000 ALTER TABLE `recipe_equipment` ENABLE KEYS */;
UNLOCK TABLES;

--
-- Table structure for table `score`
--

DROP TABLE IF EXISTS `score`;
/*!40101 SET @saved_cs_client     = @@character_set_client */;
/*!50503 SET character_set_client = utf8mb4 */;
CREATE TABLE `score` (
  `Score_ID` int(10) unsigned NOT NULL AUTO_INCREMENT,
  `Episode_Name` int(11) DEFAULT NULL,
  `Judge_ID` int(10) unsigned DEFAULT NULL,
  `Cook_ID` int(10) unsigned DEFAULT NULL,
  `Score_Value` int(11) DEFAULT NULL,
  PRIMARY KEY (`Score_ID`)
) ENGINE=InnoDB AUTO_INCREMENT=893 DEFAULT CHARSET=utf8mb4 COLLATE=utf8mb4_general_ci;
/*!40101 SET character_set_client = @saved_cs_client */;

--
-- Dumping data for table `score`
--

LOCK TABLES `score` WRITE;
/*!40000 ALTER TABLE `score` DISABLE KEYS */;
INSERT INTO `score` VALUES (1,1,3121047,3121017,3),(2,1,3121047,3121010,5),(3,1,3121047,3121061,4),(4,1,3121047,3121045,4),(5,1,3121047,3121046,3),(6,1,3121047,3121049,5),(7,1,3121047,3121038,5),(8,1,3121047,3121029,2),(9,1,3121047,3121048,2),(10,1,3121047,3121043,4),(16,1,3121020,3121017,2),(17,1,3121020,3121010,3),(18,1,3121020,3121061,4),(19,1,3121020,3121045,2),(20,1,3121020,3121046,5),(21,1,3121020,3121049,5),(22,1,3121020,3121038,3),(23,1,3121020,3121029,2),(24,1,3121020,3121048,5),(25,1,3121020,3121043,5),(31,1,3121009,3121017,2),(32,1,3121009,3121010,2),(33,1,3121009,3121061,3),(34,1,3121009,3121045,2),(35,1,3121009,3121046,3),(36,1,3121009,3121049,4),(37,1,3121009,3121038,2),(38,1,3121009,3121029,1),(39,1,3121009,3121048,1),(40,1,3121009,3121043,3),(46,2,3121058,3121049,1),(47,2,3121058,3121056,1),(48,2,3121058,3121033,2),(49,2,3121058,3121062,4),(50,2,3121058,3121053,1),(51,2,3121058,3121007,1),(52,2,3121058,3121040,1),(53,2,3121058,3121017,2),(54,2,3121058,3121027,5),(55,2,3121058,3121002,3),(61,2,3121019,3121049,4),(62,2,3121019,3121056,5),(63,2,3121019,3121033,2),(64,2,3121019,3121062,5),(65,2,3121019,3121053,5),(66,2,3121019,3121007,3),(67,2,3121019,3121040,3),(68,2,3121019,3121017,3),(69,2,3121019,3121027,5),(70,2,3121019,3121002,1),(76,2,3121016,3121049,2),(77,2,3121016,3121056,5),(78,2,3121016,3121033,5),(79,2,3121016,3121062,2),(80,2,3121016,3121053,4),(81,2,3121016,3121007,1),(82,2,3121016,3121040,5),(83,2,3121016,3121017,1),(84,2,3121016,3121027,3),(85,2,3121016,3121002,4),(91,3,3121027,3121038,3),(92,3,3121027,3121009,5),(93,3,3121027,3121062,4),(94,3,3121027,3121011,5),(95,3,3121027,3121052,3),(96,3,3121027,3121013,4),(97,3,3121027,3121055,2),(98,3,3121027,3121001,1),(99,3,3121027,3121061,2),(100,3,3121027,3121056,3),(106,3,3121018,3121038,3),(107,3,3121018,3121009,5),(108,3,3121018,3121062,2),(109,3,3121018,3121011,3),(110,3,3121018,3121052,3),(111,3,3121018,3121013,5),(112,3,3121018,3121055,2),(113,3,3121018,3121001,2),(114,3,3121018,3121061,2),(115,3,3121018,3121056,5),(121,3,3121045,3121038,5),(122,3,3121045,3121009,5),(123,3,3121045,3121062,1),(124,3,3121045,3121011,3),(125,3,3121045,3121052,1),(126,3,3121045,3121013,1),(127,3,3121045,3121055,1),(128,3,3121045,3121001,3),(129,3,3121045,3121061,4),(130,3,3121045,3121056,2),(136,4,3121053,3121050,1),(137,4,3121053,3121037,2),(138,4,3121053,3121058,3),(139,4,3121053,3121005,3),(140,4,3121053,3121061,1),(141,4,3121053,3121027,2),(142,4,3121053,3121033,2),(143,4,3121053,3121043,3),(144,4,3121053,3121047,3),(145,4,3121053,3121049,5),(151,4,3121016,3121050,5),(152,4,3121016,3121037,4),(153,4,3121016,3121058,5),(154,4,3121016,3121005,5),(155,4,3121016,3121061,1),(156,4,3121016,3121027,5),(157,4,3121016,3121033,2),(158,4,3121016,3121043,3),(159,4,3121016,3121047,3),(160,4,3121016,3121049,3),(166,4,3121010,3121050,4),(167,4,3121010,3121037,2),(168,4,3121010,3121058,5),(169,4,3121010,3121005,3),(170,4,3121010,3121061,2),(171,4,3121010,3121027,5),(172,4,3121010,3121033,3),(173,4,3121010,3121043,3),(174,4,3121010,3121047,3),(175,4,3121010,3121049,5),(181,5,3121035,3121011,3),(182,5,3121035,3121057,3),(183,5,3121035,3121041,4),(184,5,3121035,3121045,2),(185,5,3121035,3121020,1),(186,5,3121035,3121010,3),(187,5,3121035,3121060,1),(188,5,3121035,3121014,2),(189,5,3121035,3121023,5),(190,5,3121035,3121049,4),(196,5,3121039,3121011,5),(197,5,3121039,3121057,4),(198,5,3121039,3121041,3),(199,5,3121039,3121045,5),(200,5,3121039,3121020,2),(201,5,3121039,3121010,1),(202,5,3121039,3121060,3),(203,5,3121039,3121014,5),(204,5,3121039,3121023,4),(205,5,3121039,3121049,2),(211,5,3121058,3121011,4),(212,5,3121058,3121057,2),(213,5,3121058,3121041,2),(214,5,3121058,3121045,5),(215,5,3121058,3121020,4),(216,5,3121058,3121010,1),(217,5,3121058,3121060,5),(218,5,3121058,3121014,3),(219,5,3121058,3121023,1),(220,5,3121058,3121049,4),(226,6,3121026,3121017,4),(227,6,3121026,3121015,1),(228,6,3121026,3121011,2),(229,6,3121026,3121032,2),(230,6,3121026,3121038,2),(231,6,3121026,3121043,3),(232,6,3121026,3121057,1),(233,6,3121026,3121055,5),(234,6,3121026,3121031,3),(235,6,3121026,3121042,3),(241,6,3121013,3121017,3),(242,6,3121013,3121015,2),(243,6,3121013,3121011,5),(244,6,3121013,3121032,2),(245,6,3121013,3121038,1),(246,6,3121013,3121043,1),(247,6,3121013,3121057,1),(248,6,3121013,3121055,4),(249,6,3121013,3121031,5),(250,6,3121013,3121042,2),(256,6,3121003,3121017,2),(257,6,3121003,3121015,2),(258,6,3121003,3121011,1),(259,6,3121003,3121032,2),(260,6,3121003,3121038,4),(261,6,3121003,3121043,3),(262,6,3121003,3121057,2),(263,6,3121003,3121055,1),(264,6,3121003,3121031,2),(265,6,3121003,3121042,2),(271,7,3121035,3121061,1),(272,7,3121035,3121034,5),(273,7,3121035,3121008,5),(274,7,3121035,3121021,4),(275,7,3121035,3121036,2),(276,7,3121035,3121024,3),(277,7,3121035,3121010,1),(278,7,3121035,3121001,4),(279,7,3121035,3121004,5),(280,7,3121035,3121009,3),(286,7,3121020,3121061,1),(287,7,3121020,3121034,3),(288,7,3121020,3121008,2),(289,7,3121020,3121021,5),(290,7,3121020,3121036,5),(291,7,3121020,3121024,5),(292,7,3121020,3121010,1),(293,7,3121020,3121001,3),(294,7,3121020,3121004,5),(295,7,3121020,3121009,2),(301,7,3121019,3121061,4),(302,7,3121019,3121034,3),(303,7,3121019,3121008,1),(304,7,3121019,3121021,5),(305,7,3121019,3121036,1),(306,7,3121019,3121024,4),(307,7,3121019,3121010,2),(308,7,3121019,3121001,1),(309,7,3121019,3121004,2),(310,7,3121019,3121009,5),(316,8,3121053,3121035,4),(317,8,3121053,3121050,3),(318,8,3121053,3121060,2),(319,8,3121053,3121024,2),(320,8,3121053,3121029,1),(321,8,3121053,3121031,1),(322,8,3121053,3121017,4),(323,8,3121053,3121063,4),(324,8,3121053,3121003,3),(325,8,3121053,3121005,3),(331,8,3121016,3121035,3),(332,8,3121016,3121050,3),(333,8,3121016,3121060,1),(334,8,3121016,3121024,1),(335,8,3121016,3121029,2),(336,8,3121016,3121031,2),(337,8,3121016,3121017,1),(338,8,3121016,3121063,2),(339,8,3121016,3121003,5),(340,8,3121016,3121005,3),(346,8,3121059,3121035,5),(347,8,3121059,3121050,5),(348,8,3121059,3121060,3),(349,8,3121059,3121024,1),(350,8,3121059,3121029,1),(351,8,3121059,3121031,1),(352,8,3121059,3121017,5),(353,8,3121059,3121063,4),(354,8,3121059,3121003,4),(355,8,3121059,3121005,1),(361,9,3121002,3121053,5),(362,9,3121002,3121035,4),(363,9,3121002,3121017,2),(364,9,3121002,3121027,3),(365,9,3121002,3121064,2),(366,9,3121002,3121012,4),(367,9,3121002,3121009,5),(368,9,3121002,3121011,3),(369,9,3121002,3121063,4),(370,9,3121002,3121026,5),(376,9,3121038,3121053,2),(377,9,3121038,3121035,3),(378,9,3121038,3121017,1),(379,9,3121038,3121027,5),(380,9,3121038,3121064,1),(381,9,3121038,3121012,5),(382,9,3121038,3121009,4),(383,9,3121038,3121011,3),(384,9,3121038,3121063,4),(385,9,3121038,3121026,3),(391,9,3121046,3121053,2),(392,9,3121046,3121035,2),(393,9,3121046,3121017,4),(394,9,3121046,3121027,1),(395,9,3121046,3121064,1),(396,9,3121046,3121012,5),(397,9,3121046,3121009,5),(398,9,3121046,3121011,4),(399,9,3121046,3121063,4),(400,9,3121046,3121026,3),(406,10,3121036,3121031,3),(407,10,3121036,3121009,4),(408,10,3121036,3121059,2),(409,10,3121036,3121055,5),(410,10,3121036,3121010,1),(411,10,3121036,3121029,1),(412,10,3121036,3121063,3),(413,10,3121036,3121001,5),(414,10,3121036,3121011,2),(415,10,3121036,3121016,2),(421,10,3121014,3121031,4),(422,10,3121014,3121009,2),(423,10,3121014,3121059,2),(424,10,3121014,3121055,5),(425,10,3121014,3121010,5),(426,10,3121014,3121029,2),(427,10,3121014,3121063,1),(428,10,3121014,3121001,2),(429,10,3121014,3121011,5),(430,10,3121014,3121016,1),(436,10,3121020,3121031,4),(437,10,3121020,3121009,2),(438,10,3121020,3121059,3),(439,10,3121020,3121055,2),(440,10,3121020,3121010,2),(441,10,3121020,3121029,3),(442,10,3121020,3121063,4),(443,10,3121020,3121001,5),(444,10,3121020,3121011,1),(445,10,3121020,3121016,1),(451,1,3121051,3121005,3),(452,1,3121051,3121059,1),(453,1,3121051,3121061,2),(454,1,3121051,3121036,5),(455,1,3121051,3121048,1),(456,1,3121051,3121049,5),(457,1,3121051,3121026,3),(458,1,3121051,3121062,3),(459,1,3121051,3121035,4),(460,1,3121051,3121029,4),(466,1,3121044,3121005,2),(467,1,3121044,3121059,4),(468,1,3121044,3121061,3),(469,1,3121044,3121036,3),(470,1,3121044,3121048,4),(471,1,3121044,3121049,5),(472,1,3121044,3121026,2),(473,1,3121044,3121062,2),(474,1,3121044,3121035,3),(475,1,3121044,3121029,4),(481,1,3121009,3121005,4),(482,1,3121009,3121059,5),(483,1,3121009,3121036,1),(484,1,3121009,3121026,3),(485,1,3121009,3121062,4),(486,1,3121009,3121035,3),(488,2,3121003,3121002,4),(489,2,3121003,3121061,5),(490,2,3121003,3121060,3),(491,2,3121003,3121035,4),(492,2,3121003,3121032,2),(493,2,3121003,3121036,3),(494,2,3121003,3121016,1),(495,2,3121003,3121056,1),(496,2,3121003,3121004,1),(497,2,3121003,3121041,5),(503,2,3121006,3121002,4),(504,2,3121006,3121061,1),(505,2,3121006,3121060,5),(506,2,3121006,3121035,2),(507,2,3121006,3121032,1),(508,2,3121006,3121036,3),(509,2,3121006,3121016,2),(510,2,3121006,3121056,5),(511,2,3121006,3121004,5),(512,2,3121006,3121041,5),(518,2,3121050,3121002,2),(519,2,3121050,3121061,4),(520,2,3121050,3121060,5),(521,2,3121050,3121035,3),(522,2,3121050,3121032,5),(523,2,3121050,3121036,3),(524,2,3121050,3121016,3),(525,2,3121050,3121056,3),(526,2,3121050,3121004,5),(527,2,3121050,3121041,4),(533,3,3121031,3121027,2),(534,3,3121031,3121003,2),(535,3,3121031,3121028,1),(536,3,3121031,3121061,1),(537,3,3121031,3121064,3),(538,3,3121031,3121024,5),(539,3,3121031,3121052,5),(540,3,3121031,3121046,4),(541,3,3121031,3121029,4),(542,3,3121031,3121009,4),(548,3,3121017,3121027,4),(549,3,3121017,3121003,5),(550,3,3121017,3121028,2),(551,3,3121017,3121061,2),(552,3,3121017,3121064,1),(553,3,3121017,3121024,5),(554,3,3121017,3121052,4),(555,3,3121017,3121046,2),(556,3,3121017,3121029,1),(557,3,3121017,3121009,3),(563,3,3121033,3121027,3),(564,3,3121033,3121003,4),(565,3,3121033,3121028,1),(566,3,3121033,3121061,3),(567,3,3121033,3121064,4),(568,3,3121033,3121024,3),(569,3,3121033,3121052,2),(570,3,3121033,3121046,5),(571,3,3121033,3121029,1),(572,3,3121033,3121009,1),(578,4,3121017,3121050,3),(579,4,3121017,3121014,3),(580,4,3121017,3121040,5),(581,4,3121017,3121031,1),(582,4,3121017,3121047,3),(583,4,3121017,3121051,2),(584,4,3121017,3121048,4),(585,4,3121017,3121049,1),(586,4,3121017,3121056,2),(587,4,3121017,3121007,3),(593,4,3121054,3121050,3),(594,4,3121054,3121014,3),(595,4,3121054,3121040,2),(596,4,3121054,3121031,4),(597,4,3121054,3121047,2),(598,4,3121054,3121051,1),(599,4,3121054,3121048,3),(600,4,3121054,3121049,5),(601,4,3121054,3121056,4),(602,4,3121054,3121007,2),(608,4,3121058,3121050,1),(609,4,3121058,3121014,4),(610,4,3121058,3121040,5),(611,4,3121058,3121031,2),(612,4,3121058,3121047,2),(613,4,3121058,3121051,4),(614,4,3121058,3121048,4),(615,4,3121058,3121049,2),(616,4,3121058,3121056,1),(617,4,3121058,3121007,4),(623,5,3121016,3121051,5),(624,5,3121016,3121029,4),(625,5,3121016,3121039,1),(626,5,3121016,3121030,5),(627,5,3121016,3121038,3),(628,5,3121016,3121017,4),(629,5,3121016,3121061,1),(630,5,3121016,3121063,3),(631,5,3121016,3121009,4),(632,5,3121016,3121006,2),(638,5,3121003,3121051,2),(639,5,3121003,3121029,3),(640,5,3121003,3121039,3),(641,5,3121003,3121030,1),(642,5,3121003,3121038,5),(643,5,3121003,3121017,3),(644,5,3121003,3121061,5),(645,5,3121003,3121063,2),(646,5,3121003,3121009,1),(647,5,3121003,3121006,2),(653,5,3121011,3121051,4),(654,5,3121011,3121029,5),(655,5,3121011,3121039,4),(656,5,3121011,3121030,2),(657,5,3121011,3121038,3),(658,5,3121011,3121017,4),(659,5,3121011,3121061,4),(660,5,3121011,3121063,3),(661,5,3121011,3121009,5),(662,5,3121011,3121006,3),(668,6,3121052,3121056,5),(669,6,3121052,3121033,5),(670,6,3121052,3121044,4),(671,6,3121052,3121020,5),(672,6,3121052,3121059,3),(673,6,3121052,3121047,4),(674,6,3121052,3121031,5),(675,6,3121052,3121024,2),(676,6,3121052,3121050,1),(677,6,3121052,3121011,2),(683,6,3121026,3121056,5),(684,6,3121026,3121033,1),(685,6,3121026,3121044,2),(686,6,3121026,3121020,3),(687,6,3121026,3121059,1),(688,6,3121026,3121047,4),(689,6,3121026,3121024,4),(690,6,3121026,3121050,4),(698,6,3121004,3121056,1),(699,6,3121004,3121033,2),(700,6,3121004,3121044,1),(701,6,3121004,3121020,3),(702,6,3121004,3121059,2),(703,6,3121004,3121047,1),(704,6,3121004,3121031,4),(705,6,3121004,3121024,3),(706,6,3121004,3121050,5),(707,6,3121004,3121011,4),(713,7,3121005,3121049,3),(714,7,3121005,3121060,1),(715,7,3121005,3121001,2),(716,7,3121005,3121037,2),(717,7,3121005,3121025,2),(718,7,3121005,3121034,3),(719,7,3121005,3121006,3),(720,7,3121005,3121061,3),(721,7,3121005,3121042,3),(722,7,3121005,3121027,5),(728,7,3121051,3121049,2),(729,7,3121051,3121060,1),(730,7,3121051,3121001,2),(731,7,3121051,3121037,3),(732,7,3121051,3121025,2),(733,7,3121051,3121034,3),(734,7,3121051,3121006,2),(735,7,3121051,3121061,5),(736,7,3121051,3121042,2),(737,7,3121051,3121027,1),(743,7,3121039,3121049,2),(744,7,3121039,3121060,1),(745,7,3121039,3121001,4),(746,7,3121039,3121037,4),(747,7,3121039,3121025,4),(748,7,3121039,3121034,5),(749,7,3121039,3121006,3),(750,7,3121039,3121061,3),(751,7,3121039,3121042,2),(752,7,3121039,3121027,3),(758,8,3121004,3121033,5),(759,8,3121004,3121007,3),(760,8,3121004,3121011,3),(761,8,3121004,3121020,5),(762,8,3121004,3121029,1),(763,8,3121004,3121064,4),(764,8,3121004,3121001,5),(765,8,3121004,3121037,3),(766,8,3121004,3121061,1),(767,8,3121004,3121054,5),(773,8,3121044,3121033,3),(774,8,3121044,3121007,5),(775,8,3121044,3121011,3),(776,8,3121044,3121020,5),(777,8,3121044,3121029,5),(778,8,3121044,3121064,3),(779,8,3121044,3121001,1),(780,8,3121044,3121037,1),(781,8,3121044,3121061,5),(782,8,3121044,3121054,1),(788,8,3121019,3121033,5),(789,8,3121019,3121007,3),(790,8,3121019,3121011,3),(791,8,3121019,3121020,2),(792,8,3121019,3121029,1),(793,8,3121019,3121064,3),(794,8,3121019,3121001,3),(795,8,3121019,3121037,4),(796,8,3121019,3121061,4),(797,8,3121019,3121054,5),(803,9,3121038,3121014,1),(804,9,3121038,3121040,3),(805,9,3121038,3121045,4),(806,9,3121038,3121061,3),(807,9,3121038,3121025,3),(808,9,3121038,3121029,5),(809,9,3121038,3121041,3),(810,9,3121038,3121049,3),(811,9,3121038,3121042,4),(818,9,3121030,3121014,1),(819,9,3121030,3121040,1),(820,9,3121030,3121045,4),(821,9,3121030,3121061,2),(822,9,3121030,3121025,1),(823,9,3121030,3121029,2),(824,9,3121030,3121063,3),(825,9,3121030,3121041,4),(826,9,3121030,3121049,2),(827,9,3121030,3121042,4),(833,9,3121051,3121014,2),(834,9,3121051,3121040,4),(835,9,3121051,3121045,1),(836,9,3121051,3121061,2),(837,9,3121051,3121025,4),(838,9,3121051,3121029,2),(839,9,3121051,3121063,1),(840,9,3121051,3121041,3),(841,9,3121051,3121049,5),(842,9,3121051,3121042,3),(848,10,3121062,3121038,1),(849,10,3121062,3121012,3),(850,10,3121062,3121008,2),(851,10,3121062,3121037,5),(852,10,3121062,3121013,2),(853,10,3121062,3121048,1),(854,10,3121062,3121006,2),(855,10,3121062,3121018,1),(856,10,3121062,3121049,3),(857,10,3121062,3121050,2),(863,10,3121045,3121038,1),(864,10,3121045,3121012,3),(865,10,3121045,3121008,1),(866,10,3121045,3121037,2),(867,10,3121045,3121013,5),(868,10,3121045,3121048,2),(869,10,3121045,3121006,2),(870,10,3121045,3121018,1),(871,10,3121045,3121049,5),(872,10,3121045,3121050,3),(878,10,3121024,3121038,3),(879,10,3121024,3121012,4),(880,10,3121024,3121008,5),(881,10,3121024,3121037,3),(882,10,3121024,3121013,2),(883,10,3121024,3121048,4),(884,10,3121024,3121006,2),(885,10,3121024,3121018,4),(886,10,3121024,3121049,2),(887,10,3121024,3121050,3);
/*!40000 ALTER TABLE `score` ENABLE KEYS */;
UNLOCK TABLES;

--
-- Table structure for table `specialization`
--

DROP TABLE IF EXISTS `specialization`;
/*!40101 SET @saved_cs_client     = @@character_set_client */;
/*!50503 SET character_set_client = utf8mb4 */;
CREATE TABLE `specialization` (
  `Specialization_ID` int(10) unsigned NOT NULL AUTO_INCREMENT,
  `Cook_ID` int(10) unsigned DEFAULT NULL,
  `Cuisine_ID` int(10) unsigned NOT NULL,
  PRIMARY KEY (`Specialization_ID`),
  KEY `idx_specialization_cuisine` (`Cuisine_ID`),
  KEY `idx_specialization_cook` (`Cook_ID`),
  CONSTRAINT `fk_Specialization_Cook` FOREIGN KEY (`Cook_ID`) REFERENCES `cook` (`Cook_ID`) ON UPDATE CASCADE,
  CONSTRAINT `fk_Specialization_cuisine` FOREIGN KEY (`Cuisine_ID`) REFERENCES `cuisine` (`Cuisine_ID`) ON UPDATE CASCADE
) ENGINE=InnoDB AUTO_INCREMENT=3132100 DEFAULT CHARSET=utf8mb4 COLLATE=utf8mb4_general_ci;
/*!40101 SET character_set_client = @saved_cs_client */;

--
-- Dumping data for table `specialization`
--

LOCK TABLES `specialization` WRITE;
/*!40000 ALTER TABLE `specialization` DISABLE KEYS */;
INSERT INTO `specialization` VALUES (3132001,3121001,3128005),(3132002,3121002,3128001),(3132003,3121002,3128007),(3132004,3121003,3128002),(3132005,3121004,3128003),(3132006,3121004,3128004),(3132007,3121004,3128006),(3132008,3121005,3128007),(3132009,3121006,3128011),(3132010,3121007,3128008),(3132011,3121007,3128002),(3132012,3121008,3128010),(3132013,3121009,3128009),(3132014,3121009,3128008),(3132015,3121009,3128004),(3132016,3121010,3128001),(3132017,3121010,3128002),(3132018,3121011,3128003),(3132019,3121011,3128004),(3132020,3121011,3128005),(3132021,3121012,3128006),(3132022,3121013,3128007),(3132023,3121014,3128008),(3132024,3121015,3128009),(3132025,3121016,3128010),(3132026,3121017,3128011),(3132027,3121017,3128001),(3132028,3121017,3128004),(3132029,3121018,3128002),(3132030,3121019,3128002),(3132031,3121020,3128003),(3132032,3121021,3128004),(3132033,3121022,3128005),(3132034,3121023,3128006),(3132035,3121024,3128006),(3132036,3121025,3128007),(3132037,3121026,3128008),(3132038,3121027,3128009),(3132039,3121028,3128009),(3132040,3121029,3128010),(3132041,3121029,3128011),(3132042,3121030,3128001),(3132043,3121031,3128001),(3132044,3121031,3128002),(3132045,3121031,3128003),(3132046,3121032,3128004),(3132047,3121033,3128005),(3132048,3121034,3128005),(3132049,3121035,3128006),(3132050,3121036,3128007),(3132051,3121037,3128008),(3132052,3121038,3128009),(3132053,3121038,3128010),(3132054,3121038,3128011),(3132055,3121039,3128011),(3132056,3121040,3128001),(3132057,3121041,3128002),(3132058,3121042,3128002),(3132059,3121042,3128003),(3132060,3121043,3128003),(3132061,3121043,3128004),(3132062,3121043,3128005),(3132063,3121044,3128006),(3132064,3121045,3128007),(3132065,3121046,3128008),(3132066,3121047,3128009),(3132067,3121048,3128010),(3132068,3121049,3128011),(3132069,3121049,3128001),(3132070,3121048,3128001),(3132071,3121048,3128002),(3132072,3121049,3128002),(3132073,3121049,3128003),(3132074,3121050,3128003),(3132075,3121050,3128004),(3132076,3121051,3128004),(3132077,3121052,3128005),(3132078,3121053,3128006),(3132079,3121054,3128006),(3132080,3121055,3128007),(3132081,3121056,3128008),(3132082,3121056,3128009),(3132083,3121056,3128010),(3132084,3121057,3128010),(3132085,3121058,3128011),(3132086,3121059,3128001),(3132087,3121059,3128002),(3132088,3121060,3128002),(3132089,3121060,3128003),(3132090,3121060,3128003),(3132091,3121061,3128004),(3132092,3121061,3128005),(3132093,3121061,3128006),(3132094,3121061,3128007),(3132095,3121061,3128008),(3132096,3121062,3128009),(3132097,3121063,3128009),(3132098,3121063,3128010),(3132099,3121064,3128011);
/*!40000 ALTER TABLE `specialization` ENABLE KEYS */;
UNLOCK TABLES;

--
-- Table structure for table `steps`
--

DROP TABLE IF EXISTS `steps`;
/*!40101 SET @saved_cs_client     = @@character_set_client */;
/*!50503 SET character_set_client = utf8mb4 */;
CREATE TABLE `steps` (
  `Step_ID` int(10) unsigned NOT NULL AUTO_INCREMENT,
  `Recipe_ID` int(10) unsigned NOT NULL,
  `Step_Text` text NOT NULL,
  PRIMARY KEY (`Step_ID`),
  KEY `fk_steps_recipe` (`Recipe_ID`),
  CONSTRAINT `fk_steps_recipe` FOREIGN KEY (`Recipe_ID`) REFERENCES `recipe` (`Recipe_ID`) ON UPDATE CASCADE
) ENGINE=InnoDB AUTO_INCREMENT=3126427 DEFAULT CHARSET=utf8mb4 COLLATE=utf8mb4_general_ci;
/*!40101 SET character_set_client = @saved_cs_client */;

--
-- Dumping data for table `steps`
--

LOCK TABLES `steps` WRITE;
/*!40000 ALTER TABLE `steps` DISABLE KEYS */;
INSERT INTO `steps` VALUES (3126001,3122001,'Cook lasagna noodles according to package instructions. Drain and set aside.'),(3126002,3122001,'Brown ground beef with onion and garlic. Season with salt and pepper.'),(3126003,3122001,'Stir in marinara sauce and simmer for 5 minutes.'),(3126004,3122001,'In a bowl, mix ricotta cheese, half of mozzarella, half of parmesan, and egg.'),(3126005,3122001,'Layer in a baking dish: meat sauce, noodles, ricotta mixture, meat sauce, remaining mozzarella, and parmesan.'),(3126006,3122001,'Cover with foil and bake at 375°F (190°C) for 25 minutes.'),(3126007,3122001,'Uncover and bake for another 10-15 minutes until bubbly.'),(3126008,3122001,'Let them cool slightly and serve.'),(3126009,3122002,'In a small bowl, whisk together soy sauce, honey, rice vinegar, minced garlic, and grated ginger to make the teriyaki sauce. '),(3126010,3122002,'Slice the chicken into thin strips or bite-sized pieces.'),(3126011,3122002,'Heat a non-stick skillet or wok over medium-high heat.Add a small amount of oil.'),(3126012,3122002,'Add the chicken pieces to the skillet and cook until browned and cooked through, about 5-6 minutes.'),(3126013,3122002,'Once the chicken is cooked, reduce the heat to medium-low and pour the teriyaki sauce over the chicken in the skillet.'),(3126014,3122002,'Cook for an additional 2-3 minutes, stirring occasionally, until the sauce thickens slightly and coats the chicken.'),(3126015,3122002,'Mix a tablespoon of cornstarch with a tablespoon of water to make a slurry. Stir the slurry into the sauce and cook for an additional minute until thickened.'),(3126016,3122002,'Remove the skillet from heat and garnish the teriyaki chicken with sesame seeds and sliced green onions, if desired.'),(3126017,3122002,'Serve the teriyaki chicken hot.'),(3126018,3122003,'Preheat the oven to 375°F (190°C).'),(3126019,3122003,'Prepare the filling by wilting spinach in a skillet with olive oil, then stirring in chopped onions, crumbled feta cheese, chopped dill, salt, pepper, and beaten eggs.'),(3126020,3122003,'Layer phyllo pastry sheets in a baking dish, brushing each sheet with olive oil.'),(3126021,3122003,'Spread the spinach and feta mixture evenly over the phyllo layers.'),(3126022,3122003,'Continue layering phyllo sheets on top of the filling, brushing each sheet with oil. '),(3126023,3122003,'Fold any excess phyllo edges over the top to seal the pie.'),(3126024,3122003,'Score the top layer of phyllo with a sharp knife to create serving portions.'),(3126025,3122003,'Bake in the preheated oven for about 40-45 minutes, or until the phyllo is golden brown and crispy.'),(3126026,3122003,'Allow the Spanakopita to cool for a few minutes before slicing and serving.'),(3126027,3122004,'Prepare the dough by mixing flour, sugar, salt, and yeast in a bowl.'),(3126028,3122004,'Add warm milk and water to the dry ingredients, then mix until a dough forms.'),(3126029,3122004,'Knead the dough until smooth and elastic, then let it rest in a covered bowl for about an hour, or until it doubles in size.'),(3126030,3122004,'Roll out the dough into a large rectangle on a floured surface.'),(3126031,3122004,'Spread softened butter over two-thirds of the dough, leaving one-third bare.'),(3126032,3122004,'Fold the bare third of the dough over the buttered middle third, then fold the remaining third over the top to create three layers.'),(3126033,3122004,'Roll out the dough again into a rectangle, then fold it in thirds like a letter.'),(3126034,3122004,'Repeat the rolling and folding process two more times, then chill the dough for at least 30 minutes.'),(3126035,3122004,'Roll out the chilled dough into a large rectangle, then cut it into triangles.'),(3126036,3122004,'Roll each triangle tightly from the wide end to the tip to form croissants.'),(3126037,3122004,'Place the croissants on a baking sheet lined with parchment paper, then let them rise for about an hour.'),(3126038,3122004,'Preheat the oven to 375°F (190°C).'),(3126039,3122004,'Brush the risen croissants with beaten egg, then bake them for 15-20 minutes, or until golden brown and flaky.'),(3126040,3122004,'Let the croissants cool slightly before serving.'),(3126041,3122005,'Preheat your oven to 375°F (190°C).'),(3126042,3122005,'Bring a large pot of salted water to a boil. Add the elbow macaroni and cook according to the package instructions until al dente. Drain the macaroni and set aside.'),(3126043,3122005,'In a saucepan, melt the butter over medium heat. Once melted, add the all-purpose flour and whisk continuously to form a roux. Cook the roux for 1-2 minutes, stirring constantly.'),(3126044,3122005,'Gradually pour in the milk while whisking constantly to prevent lumps from forming. Continue cooking the sauce until it thickens and coats the back of a spoon, about 5-7 minutes.'),(3126045,3122005,'Remove the saucepan from the heat and stir in the shredded cheddar cheese until melted and smooth. Season the cheese sauce with salt and pepper to taste.'),(3126046,3122005,'Add the cooked elbow macaroni to the cheese sauce and stir until well combined, ensuring that all the pasta is coated evenly.'),(3126047,3122005,'Transfer the macaroni and cheese mixture to a greased baking dish, spreading it out evenly.'),(3126048,3122005,'Bake the Macaroni and Cheese in the preheated oven for 20-25 minutes, or until the top is golden brown and bubbling.'),(3126049,3122005,'Remove the dish from the oven and let it cool for a few minutes before serving.'),(3126050,3122006,'Preheat your oven to 375°F (190°C).'),(3126051,3122006,'In a large mixing bowl, combine the cooked shredded chicken, diced onion, and a portion of the enchilada sauce. Mix until well combined.'),(3126052,3122006,'Warm the corn tortillas in a skillet or microwave to make them more pliable.'),(3126053,3122006,'Place a spoonful of the chicken mixture onto each tortilla and roll it up tightly.'),(3126054,3122006,'Arrange the rolled enchiladas seam-side down in a greased baking dish.'),(3126055,3122006,'Pour the remaining enchilada sauce over the top of the rolled enchiladas, ensuring they are well coated.'),(3126056,3122006,'Sprinkle shredded cheddar cheese evenly over the top of the enchiladas.'),(3126057,3122006,'Cover the baking dish with aluminum foil and bake in the preheated oven for 20-25 minutes, or until the enchiladas are heated through and the cheese is melted and bubbly.'),(3126058,3122006,'Remove the foil and bake for an additional 5 minutes to allow the cheese to brown slightly.'),(3126059,3122006,'Remove the baking dish from the oven and let the enchiladas cool for a few minutes before serving.'),(3126060,3122007,'Wash and chop the broccoli, carrot, snap peas, onion, and garlic into bite-sized pieces.'),(3126061,3122007,'Heat vegetable oil in a wok or large skillet over medium-high heat. Add the garlic and onion, and stir-fry for 1-2 minutes until fragrant.'),(3126062,3122007,'Add the broccoli, carrot, and snap peas to the skillet. Stir-fry for 3-5 minutes, or until the vegetables are crisp-tender.'),(3126063,3122007,'Pour soy sauce over the vegetables and toss to coat evenly. Cook for an additional 1-2 minutes, then remove from heat. Serve hot as a side dish or over rice as a main course. Enjoy!'),(3126064,3122008,'Peel the potatoes (if desired) and cut them into thin strips or wedges.'),(3126065,3122008,'Rinse the cut potatoes under cold water to remove excess starch, then pat them dry with a kitchen towel.'),(3126066,3122008,'Heat oil in a deep fryer or a large pan over medium-high heat until it reaches about 350°F (175°C).'),(3126067,3122008,'Fry the potatoes for 5-7 minutes, or until they are golden brown and crispy.'),(3126068,3122008,'Remove the fries from the oil using a slotted spoon and place them on a plate lined with paper towels to drain any excess oil.'),(3126069,3122008,'Season with salt to taste and serve immediately.'),(3126070,3122009,'Preheat the oven to 425°F (220°C).'),(3126071,3122009,'Wash and peel the potatoes (if desired), then cut them into evenly sized chunks or wedges.'),(3126072,3122009,'Place the potato chunks in a large mixing bowl and toss them with olive oil, salt, pepper, and any desired herbs until evenly coated.'),(3126073,3122009,'Roast the potatoes in the preheated oven for 30-40 minutes, flipping them halfway through, until they are golden brown and crispy on the outside and tender on the inside.'),(3126074,3122009,'Remove the potatoes from the oven and transfer them to a serving dish.'),(3126075,3122010,'Peel the potatoes and thinly slice them into rounds. Peel and thinly slice the onion.'),(3126076,3122010,'Heat olive oil in a frying pan over medium heat. Add the sliced potatoes and onions to the frying pan and cook until the potatoes are tender and lightly browned, stirring occasionally.'),(3126077,3122010,'In a separate bowl, beat the eggs.'),(3126078,3122010,'Once the potatoes and onions are cooked, spread them out evenly in the pan and pour the beaten eggs over the top, ensuring they cover the potatoes completely.'),(3126079,3122010,'Cook the omelette over medium heat, gently lifting the edges with a spatula, until the bottom is set and golden brown, about 5-7 minutes.'),(3126080,3122010,'Carefully flip the omelette using a large plate or lid to cover the frying pan, then slide it back into the frying pan to cook the other side until golden brown and set, about 5-7 minutes.'),(3126081,3122011,'Drain the cherries and reserve the juice.'),(3126082,3122011,'Mix the reserved juice with kirsch (cherry brandy) to make a syrup. '),(3126083,3122011,'Whip the heavy cream until stiff peaks form.'),(3126084,3122011,'Place one pre-made cake layer on a serving plate. Brush the top with cherry syrup.'),(3126085,3122011,'Spread a layer of whipped cream over the cake, then top with a layer of cherries.'),(3126086,3122011,'Repeat with the remaining pre-made cake layers, cherry syrup, whipped cream, and cherries, ending with a layer of whipped cream on top.'),(3126087,3122011,'Use a vegetable peeler to shave chocolate curls from a bar of dark chocolate, then sprinkle them over the top of the cake for garnish.'),(3126088,3122011,'Refrigerate the cake for at least 1-2 hours before serving to allow the flavors to meld together.Serve cold and enjoy!'),(3126089,3122012,'Prepare the cutlets: Place each pork or veal cutlet between two sheets of plastic wrap or parchment paper. Use a meat mallet or rolling pin to pound the cutlets until they are about 1/4 inch thick. Season both sides of the cutlets with salt and pepper.'),(3126090,3122013,' Slice the beef thinly and prepare the vegetables by slicing the bell peppers, broccoli, and carrots. Mince the garlic and ginger.'),(3126091,3122013,'Heat some oil in a large pan or wok over medium-high heat until it\'s hot but not smoking.'),(3126092,3122013,'Add the minced garlic and ginger to the hot oil and sauté for about 30 seconds until fragrant.'),(3126093,3122013,'Add the sliced beef to the pan and cook for 2-3 minutes until it\'s browned on all sides.'),(3126094,3122013,'Add the sliced bell peppers, broccoli, and carrots to the pan with the beef. Stir-fry for another 3-4 minutes until the vegetables are tender-crisp and the beef is cooked through.'),(3126095,3122013,'Season the stir-fry with soy sauce, salt, and pepper to taste. Stir well to combine all the flavors.'),(3126096,3122013,'Once everything is cooked and seasoned to your liking, remove the beef stir-fry from the heat and transfer it to a serving dish.'),(3126097,3122013,'Garnish the beef stir-fry with chopped green onions or sesame seeds if desired.'),(3126098,3122013,'Serve the beef stir-fry hot over steamed rice or noodles.Enjoy your delicious Beef Stir-Fry!'),(3126099,3122014,'Peel, core, and dice the apples. In a bowl, mix the diced apples with sugar and cinnamon until well coated'),(3126100,3122014,'Preheat the oven to 375°F (190°C).'),(3126101,3122014,' Roll out the puff pastry dough on a lightly floured surface and cut it into squares or rectangles.'),(3126102,3122014,'Place a spoonful of the apple mixture onto each pastry square. Fold the pastry over the filling to form a triangle or rectangle, then press the edges to seal'),(3126103,3122014,'Place the turnovers on a baking sheet lined with parchment paper. Brush the tops with melted butter and sprinkle with sugar. Bake in the preheated oven for 20-25 minutes, or until golden brown.'),(3126104,3122014,'Allow the turnovers to cool slightly before serving. Enjoy them warm as a delicious dessert or snack.'),(3126105,3122015,' Preheat the oven to 350°F (175°C) and line a baking sheet with parchment paper.'),(3126106,3122015,'In a mixing bowl, cream together the softened butter and sugar until light and fluffy.'),(3126107,3122015,'Beat in the eggs one at a time, then add the vanilla extract and mix until well combined.'),(3126108,3122015,'In a separate bowl, whisk together the flour, baking soda, and salt. Gradually add the dry ingredients to the wet ingredients and mix until a dough forms.'),(3126109,3122015,'Gently fold in the chocolate chips until evenly distributed throughout the dough.'),(3126110,3122015,' Drop spoonfuls of dough onto the prepared baking sheet, spacing them a few inches apart. Bake in the preheated oven for 10-12 minutes, or until the cookies are golden brown around the edges.'),(3126111,3122015,'Allow the cookies to cool on the baking sheet for a few minutes before transferring them to a wire rack to cool completely. Enjoy the chocolate chip cookies with a glass of milk or your favorite beverage.'),(3126112,3122016,'Dice the tomatoes, finely chop the garlic and basil, and slice the baguette into rounds.'),(3126113,3122016,'Preheat the oven to 375°F (190°C). Place the baguette slices on a baking sheet and toast them in the oven for 5-7 minutes, or until lightly golden and crispy.'),(3126114,3122016,'In a bowl, combine the diced tomatoes, chopped garlic, chopped basil, olive oil, balsamic vinegar, salt, and pepper. Mix well to combine.'),(3126115,3122016,'Spoon the tomato mixture onto the toasted baguette slices.'),(3126116,3122016,'Arrange the bruschetta on a serving platter and serve immediately as a delicious appetizer or snack.'),(3126117,3122017,'Heat olive oil in a large skillet over medium heat. Add sliced mushrooms and cook until they release their moisture and become golden brown.'),(3126118,3122017,'Add minced garlic and diced onion to the skillet with the mushrooms. Sauté until the onion is translucent and the garlic is fragrant.'),(3126119,3122017,'Add Arborio rice to the skillet and toast it for a few minutes, stirring constantly, until it\'s lightly golden.'),(3126120,3122017,'Gradually add warm vegetable broth to the skillet, a ladleful at a time, stirring frequently. Allow the rice to absorb the broth before adding more.'),(3126121,3122017,' Continue adding broth and stirring until the rice is creamy and tender but still slightly firm to the bite, about 20-25 minutes.'),(3126122,3122017,'Stir in grated Parmesan cheese until melted and well combined.'),(3126123,3122017,'Remove the mushroom risotto from the heat and let it rest for a few minutes before serving. Garnish with fresh parsley if desired, and enjoy as a delicious main dish or side.'),(3126124,3122018,'In a skillet over medium heat, cook ground beef until browned and cooked through. Drain excess fat if necessary.'),(3126125,3122018,' Add taco seasoning to the cooked beef according to package instructions. Stir to combine and cook for a few more minutes.'),(3126126,3122018,' Prepare your taco toppings, such as shredded lettuce, diced tomatoes, grated cheese, diced onions, chopped cilantro, sliced avocado, salsa, and sour cream.'),(3126127,3122018,'Heat tortillas in a dry skillet or microwave until warm and pliable.'),(3126128,3122018,'Spoon the seasoned beef onto each warm tortilla. Top with your desired toppings.'),(3126129,3122018,'Serve the beef tacos immediately with lime wedges on the side, and enjoy this flavorful and customizable meal!'),(3126130,3122019,'Cook pasta according to package instructions in a large pot of salted boiling water until al dente. Drain and set aside.'),(3126131,3122019,' In a large skillet, heat olive oil over medium-high heat. Add peeled and deveined shrimp to the skillet and cook for 2-3 minutes per side, or until pink and opaque. Remove shrimp from the skillet and set aside.'),(3126132,3122019,'In the same skillet, add minced garlic and cook for 1 minute until fragrant. Add butter and let it melt. Stir in lemon juice and zest, and cook for another minute.'),(3126133,3122019,'Add the cooked pasta and cooked shrimp to the skillet with the lemon garlic sauce. Toss everything together until well coated.'),(3126134,3122019,'Season the shrimp pasta with salt, pepper, and chopped parsley to taste.'),(3126135,3122019,'Serve the lemon garlic shrimp pasta hot, garnished with additional parsley and grated Parmesan cheese if desired. Enjoy this delicious and flavorful pasta dish!'),(3126136,3122020,'Preheat oven to 375°F (190°C).'),(3126137,3122020,'Mix dry ingredients in one bowl, wet in another.'),(3126138,3122020,'Combine wet and dry ingredients until just mixed.'),(3126139,3122020,'Gently fold in blueberries.'),(3126140,3122020,'Spoon batter into muffin cups.'),(3126141,3122020,'Bake for 18-20 minutes.'),(3126150,3122012,'Set up your breading station: Prepare three shallow bowls or plates. Place the flour in one bowl, beat the eggs in another bowl, and put the bread crumbs in the third bowl.'),(3126151,3122012,'Dredge the cutlets: Coat each cutlet in flour, shaking off any excess. Dip the floured cutlets into the beaten eggs, allowing any excess egg to drip off. Finally, coat the cutlets in bread crumbs, pressing gently to adhere the crumbs to the surface.'),(3126152,3122012,'Heat the oil: In a large skillet or frying pan, heat enough cooking oil (vegetable oil or clarified butter) to cover the bottom of the pan. Heat the oil over medium-high heat until hot but not smoking.'),(3126153,3122012,'Fry the schnitzel: Carefully place the breaded cutlets in the hot oil, working in batches if necessary to avoid overcrowding the pan. Fry the schnitzel for 2-3 minutes on each side, or until golden brown and crispy. Use tongs to flip the cutlets halfway through cooking.'),(3126154,3122012,'Drain and serve: Once the schnitzel is cooked to golden perfection, transfer it to a plate lined with paper towels to drain any excess oil. Repeat the frying process with the remaining cutlets, if necessary.'),(3126155,3122012,'Serve hot!'),(3126156,3122022,'Preheat your oven to 350°F (175°C). Grease a baking dish (approximately 9x13 inches) with some of the melted butter.'),(3126157,3122022,'In a bowl, mix together the chopped walnuts, pistachios, granulated sugar, ground cinnamon, ground cloves, and lemon juice to make the filling.'),(3126158,3122022,'Place one sheet of phyllo dough in the greased baking dish and brush it with melted butter. Repeat this process, layering about 8-10 sheets of phyllo dough and brushing each layer with butter.'),(3126159,3122022,'Sprinkle a generous layer of the nut mixture over the phyllo dough.'),(3126160,3122022,'Repeat the layering process with the remaining phyllo dough sheets and melted butter, brushing each layer with butter and sprinkling with the nut mixture until all the ingredients are used.'),(3126161,3122022,'Using a sharp knife, carefully cut the baklava into diamond or square shapes.'),(3126162,3122022,'Bake in the preheated oven for 35-40 minutes, or until the baklava is golden brown and crisp.'),(3126163,3122022,'While the baklava is baking, prepare the syrup. In a saucepan, combine the honey, water, and lemon zest. Bring to a boil, then reduce the heat and simmer for about 10-15 minutes, until slightly thickened.'),(3126164,3122022,'Once the baklava is baked, remove it from the oven and immediately pour the hot syrup over the hot baklava. Allow the baklava to cool completely before serving.'),(3126165,3122023,'In a bowl, combine the yogurt, lemon juice, garam masala, ground cumin, ground coriander, and salt to make the marinade.'),(3126166,3122023,'Add the chicken pieces to the marinade, ensuring they are well coated. Cover and refrigerate for at least 1 hour, or preferably overnight.'),(3126167,3122023,'Preheat the grill or oven to medium-high heat. Thread the marinated chicken onto skewers and grill or bake until cooked through and slightly charred on the edges.'),(3126168,3122023,'In a large skillet, heat the vegetable oil over medium heat. Add the finely chopped onions and sauté until soft and translucent.'),(3126169,3122023,'Stir in the tomato puree and cook for a few minutes until the raw smell disappears.'),(3126170,3122023,'Add the grilled chicken pieces to the skillet and simmer for 10-15 minutes, allowing the flavors to meld together.'),(3126171,3122023,'Stir in the heavy cream and simmer for an additional 5 minutes.'),(3126172,3122023,'Garnish with fresh coriander leaves before serving.'),(3126173,3122024,'Wash 100 grams of basmati rice thoroughly and soak it in water for 30 minutes.'),(3126174,3122024,'In a large pot, bring 1 liter of whole milk to a boil over medium heat.'),(3126175,3122024,'Drain the soaked rice and add it to the boiling milk. Stir well.'),(3126176,3122024,'Reduce the heat to low and let the rice simmer in the milk, stirring occasionally, until the rice is cooked and the mixture thickens (about 30-40 minutes).'),(3126177,3122024,'Add 100 grams of sugar, 4-5 lightly crushed cardamom pods, and optional sliced almonds and raisins to the rice mixture. Stir well.'),(3126178,3122024,'Cook for an additional 10-15 minutes until the sugar is dissolved, and the kheer reaches your desired consistency.'),(3126179,3122024,'Remove the pot from the heat and let the kheer cool to room temperature.'),(3126180,3122024,'Serve the kheer chilled or at room temperature.'),(3126181,3122025,'Wash and slice the fresh tomatoes into rounds, about 1/4-inch thick.'),(3126182,3122025,'Slice the fresh mozzarella cheese into rounds of similar thickness as the tomatoes.'),(3126183,3122025,'Arrange the tomato and mozzarella slices alternately on a serving platter.'),(3126184,3122025,'Tuck fresh basil leaves between the tomato and mozzarella slices.'),(3126185,3122025,'Drizzle extra virgin olive oil over the salad.'),(3126186,3122025,'Optionally, drizzle balsamic vinegar over the salad for added flavor.'),(3126187,3122025,'Season with salt and black pepper to taste.'),(3126188,3122025,'Serve immediately as a refreshing appetizer or side dish.'),(3126189,3122021,'Preheat the oven to 170°C in the air.'),(3126190,3122021,'Place a saucepan over high heat and add milk, water, flour, sugar, salt and butter.'),(3126191,3122021,'Mix with a wooden spoon for 2-3 minutes until the mixture is homogenized and a dough-like paste is formed.'),(3126192,3122021,'Transfer the paste to the mixer bowl, and beat with the wire at high speed for a few seconds to lower the temperature.'),(3126193,3122021,'Add the eggs one by one, waiting for the first to be absorbed before adding the next, and beat for 1-2 minutes.'),(3126194,3122021,'Transfer the paste with a silicone spatula to a pastry bag with a round tip.'),(3126195,3122021,'Put a little of the mixture in different parts of a pan and place a piece of greaseproof paper on top so that it sticks.'),(3126196,3122021,'We create 24 cubes in the pan, making sure they have a distance between them.'),(3126197,3122021,'Transfer the pan to the oven and bake for 30 minutes.'),(3126198,3122021,'Lower the temperature to 160°C and bake for another 15 minutes without opening the oven.'),(3126199,3122021,'Remove from the oven and set aside.'),(3126200,3122021,'Place a saucepan over high heat and add the milk, sugar, corn flour and eggs.'),(3126201,3122021,'Stir constantly with a hand whisk for 4-5 minutes until the mixture boils and thickens.'),(3126202,3122021,'Remove the saucepan from the heat and add the vanillin, salt, brandy and dulce de leche.'),(3126203,3122021,'Mix for another 1-2 minutes and transfer the cream to a bowl.'),(3126204,3122021,'Cover with a transparent film so that it touches the surface of the cream and transfer to the refrigerator for 30-40 minutes to cool well.'),(3126205,3122021,'Transfer the dulce de leche to a pastry bag.'),(3126206,3122021,'Use a knife to pierce the slices to create a hole and fill with the dulce de leche.'),(3126207,3122021,'Cut the bananas into slices and set aside.'),(3126208,3122021,'Divide from 3 saucers into 8 glasses or small bowls.'),(3126209,3122021,'Spread the caramel cream, bananas and whipped cream on top, sprinkle with the grated chocolate, and serve.'),(3126210,3122026,'In a bowl add the sesame seeds, black sesame seeds, poppy seeds, salt, and garlic powder, and mix them with a spoon.'),(3126211,3122026,'Pour the water into another bowl, line a baking pan with parchment paper, and place it next to the bowls. '),(3126212,3122026,'Dip each bagel firstly into the bowl with the water and then into the bowl with the seeds, and transfer it to the baking pan.  '),(3126213,3122026,'Put the pan in the oven and bake the bagels for 25-30 minutes at the top oven rack position.'),(3126214,3122026,'Remove the pan from the oven and set it aside until the bagels cool. And thats all!'),(3126215,3122028,'Preheat your oven to 375°F (190°C) and line a baking sheet with parchment paper.'),(3126216,3122028,'In a small bowl, mix together 1 cup of shredded Parmesan cheese, 1/2 teaspoon of freshly ground black pepper (optional), and 1/2 teaspoon of garlic powder (optional). Stir until well combined.'),(3126217,3122028,'Spoon small mounds of the Parmesan mixture onto the prepared baking sheet, leaving some space between each mound.'),(3126218,3122028,'Gently flatten each mound with the back of the spoon to form thin, even circles.'),(3126219,3122028,'Bake in the preheated oven for 5-7 minutes, or until the edges of the Parmesan crisps are golden brown and crispy.'),(3126220,3122028,'Remove the baking sheet from the oven and let the Parmesan crisps cool on the pan for a few minutes.'),(3126221,3122028,'Once cooled and firm, carefully transfer the Parmesan crisps to a wire rack to cool completely and crisp up further.'),(3126222,3122028,'Serve the Parmesan crisps as a crunchy and flavorful snack on their own or alongside dips and spreads.'),(3126223,3122027,'Put the milk, sunflower oil, rice flour, icing sugar, corn starch, and vanilla extract into a non-stock pot, and whisk the ingredients well until completely combined.'),(3126224,3122027,'Place the pot over medium heat and stir with a wooden spoon, for 3-4 minutes, until the mixture thickens and becomes like a dough.'),(3126225,3122027,'Remove the pot from the heat, dust your worktop with corn starch, and place the dough on it.'),(3126226,3122027,'Gently knead the dough first into a ball and then into a long roll, divide it into 3 equal parts, and put the 2 pieces in 2 different bowls.'),(3126227,3122027,'Put the food coloring paste into the first bowl, and knead with your hands until it is incorporated into the dough.'),(3126228,3122027,'Put the cocoa powder into the second bowl and knead the dough well.'),(3126229,3122027,'Transfer the 3 dough pieces onto your worktop, divide each one into 5 equal parts, and shape them into 15 balls.'),(3126230,3122027,'Dust your worktop with corn starch again, and place the first dough ball on it.'),(3126231,3122027,'Dust the dough with corn starch, use a rolling pin to roll it out into a 9 cm disc, and then dust off the excess corn starch.'),(3126232,3122027,'Follow the same process for the remaining dough balls. (For the 5 chocolate dough balls, use corn starch and cocoa powder to dust them.)'),(3126233,3122027,'Transfer the dough pieces to 15 individual muffin cups. (You can use a 6 or 12-cup muffin pan and do the process in batches.)'),(3126234,3122027,'Spread the dough pieces with your hands to create an indentation.'),(3126235,3122027,'Fill the white dough pieces with 1 tablespoon of hazelnut spread, the pink ones with 1 tablespoon of white chocolate cookie spread, and the chocolate ones with 1 tablespoon of strawberry spread.'),(3126236,3122027,'Seal the mochi by folding the overhanging dough inwards and pressing the edges to stick them together.'),(3126237,3122027,'Turn the mochi over to unmold them and serve straight away.'),(3126238,3122029,'Wash the tomatoes, cucumber, and red bell pepper thoroughly under cold water.'),(3126239,3122029,'Core the tomatoes and cut them into quarters. Remove the seeds and excess pulp.'),(3126240,3122029,'Peel the cucumber and cut it into chunks.'),(3126241,3122029,'Remove the stem and seeds from the red bell pepper, then chop it into pieces.'),(3126242,3122029,'In a blender or food processor, combine the chopped tomatoes, cucumber, and red bell pepper.'),(3126243,3122029,'Add the olive oil and sherry vinegar or red wine vinegar to the blender.'),(3126244,3122029,'Season with salt to taste.'),(3126245,3122029,'Blend the mixture until smooth and well combined. If the gazpacho is too thick, you can add a little water to achieve your desired consistency.'),(3126246,3122029,'Transfer the gazpacho to a large bowl or container and refrigerate for at least 1-2 hours to chill and allow the flavors to meld together.'),(3126247,3122029,'Serve the chilled gazpacho in bowls or glasses, garnished with diced cucumber, red bell pepper, and croutons if desired.'),(3126248,3122030,'Wash the eggplants, green bell peppers, and tomatoes under cold water.'),(3126249,3122030,'Peel the eggplants partially, leaving some strips of skin intact. Then, cut the eggplants into small cubes.'),(3126250,3122030,'Remove the stems and seeds from the green bell peppers, then chop them into small pieces.'),(3126251,3122030,'Core the tomatoes and chop them into cubes.'),(3126252,3122030,'Heat the olive oil in a large skillet or frying pan over medium heat.'),(3126253,3122030,'Add the minced garlic to the skillet and sauté for about 1 minute until fragrant.'),(3126254,3122030,'Add the chopped eggplants and green bell peppers to the skillet. Cook for about 10-15 minutes, stirring occasionally, until they are tender and lightly browned.'),(3126255,3122030,'Add the chopped tomatoes to the skillet and continue cooking for another 5-10 minutes until the tomatoes are softened and the mixture is well combined.'),(3126256,3122030,'Season the şakşuka with salt to taste and adjust the seasoning if needed.'),(3126257,3122030,'Create small wells or indentations in the mixture using a spoon.'),(3126258,3122030,'Crack an egg into each well or indentation.'),(3126259,3122030,'Cover the skillet with a lid and cook for an additional 5-7 minutes, or until the egg whites are set but the yolks are still slightly runny.'),(3126260,3122030,'Once the eggs are cooked to your liking, remove the skillet from the heat.'),(3126261,3122030,'Serve the Şakşuka with Eggs warm as a satisfying and flavorful main dish or brunch option.'),(3126262,3122032,'Rinse the rice very well with cold water. When the water turns transparent again and not white, drain the rice well and transfer it to a pot.'),(3126263,3122032,'Add the water, olive oil, salt, pepper, lemon zest, and bay leaf.'),(3126264,3122032,'Place the pot over high heat and stir with a wooden spoon. Bring to a boil without stirring.'),(3126265,3122032,'Lower the heat to medium, put the lid on the pot, and simmer the rice for 15 minutes until it absorbs the water.'),(3126266,3122032,'Remove the pot from the heat and set it aside -with the lid on- for another 2-3 minutes.'),(3126267,3122032,'Remove the bay leaf, fluff the rice with a fork, and set it aside until needed.'),(3126268,3122032,'Place a large pot over medium heat, add the sunflower oil, and allow it to heat up well.'),(3126269,3122032,'Line a baking pan with paper towels and set it aside.'),(3126270,3122032,'Cut the pork neck into thin slices and put them in a large bowl.'),(3126271,3122032,'Add the egg white, corn starch, soy sauce, and ginger, and stir with a spoon until the meat is completely covered with the marinade.'),(3126272,3122032,'Transfer the meat pieces to the pot with the sunflower oil.'),(3126273,3122032,'Fry the meat in batches, for 3-4 minutes, until it is nicely golden.'),(3126274,3122032,'Remove the meat with a slotted spoon, transfer it to the pan with the paper towels, and set it aside.'),(3126275,3122032,'Place a large frying pan over high heat, add the sunflower oil, and allow it to heat up well. Add the pineapple and the red and green pepper, and sauté them until caramelized. '),(3126276,3122032,'Deglaze the pan with the rice vinegar and allow it to evaporate completely. '),(3126277,3122032,'Add the fried pork, the sweet and sour sauce, honey, soy sauce, and pineapple juice, and boil the sauce for a few minutes until it thickens.'),(3126278,3122032,'Remove the pan from the heat, add the spring onions, coriander, sesame seeds, and stir with a wooden spoon.'),(3126279,3122032,'Divide the rice among deep plates and put the sweet and sour pork over it.'),(3126280,3122031,'Wash the potatoes thoroughly and peel them if desired. Cut them into slices or cubes, depending on your preference.'),(3126281,3122031,'Place the potato slices or cubes in a pot of boiling water and cook them until they are tender but still firm, about 10-15 minutes. Drain the cooked potatoes and set them aside to cool slightly.'),(3126282,3122031,'While the potatoes are cooking, finely chop the onion and dice the bacon slices into small pieces.'),(3126283,3122031,'In a large skillet or frying pan, cook the diced bacon over medium heat until it becomes crispy and golden brown. Remove the cooked bacon from the skillet and set it aside on a paper towel to drain excess grease.'),(3126284,3122031,'In the same skillet with the bacon drippings, add the chopped onion and cook until it becomes soft and translucent, about 5-7 minutes.'),(3126285,3122031,'In a small bowl, whisk together the vegetable broth, vinegar, mustard, salt, pepper, and sugar to make the dressing.'),(3126286,3122031,'In a large mixing bowl, combine the cooked potatoes, cooked bacon, and sautéed onions. Pour the dressing over the potato mixture and gently toss until everything is evenly coated.'),(3126287,3122031,'Taste the Kartoffelsalat and adjust the seasoning if needed, adding more salt, pepper, or vinegar according to your taste.'),(3126288,3122031,'Serve the Kartoffelsalat warm or at room temperature as a delicious side dish to accompany grilled meats, sausages, or as part of a traditional German meal.'),(3126289,3122033,'Fill a large pot with enough water to comfortably submerge the eggs. Bring the water to a gentle simmer over medium heat.'),(3126290,3122033,'Add the vinegar to the simmering water. The vinegar helps to coagulate the egg whites, resulting in a neater poached egg.'),(3126291,3122033,'Crack each egg into a small bowl or ramekin, being careful not to break the yolk.'),(3126292,3122033,'Using a spoon, create a gentle whirlpool in the simmering water. This motion will help the egg whites to wrap around the yolks as they cook.'),(3126293,3122033,'Carefully slide each cracked egg into the center of the swirling water. Be cautious not to overcrowd the pot.'),(3126294,3122033,'Allow the eggs to poach in the simmering water for approximately 3-4 minutes, or until the egg whites are set but the yolks are still runny. Use a slotted spoon to remove the poached eggs from the water and transfer them to a plate lined with paper towels to drain excess water.'),(3126295,3122033,'Season the poached eggs with salt and pepper to taste.'),(3126296,3122033,'Serve the poached eggs immediately while they are still warm and the yolks are runny. Enjoy them on their own, with toast, or as part of your favorite breakfast or brunch dish.'),(3126297,3122034,'Wash and dry the fresh fruit thoroughly. If using strawberries, remove the stems and leaves. If using grapes, wash them and remove any stems.'),(3126298,3122034,'Skewer the fruit onto wooden skewers or toothpicks, arranging them in a single layer.'),(3126299,3122034,'Place the granulated sugar in a saucepan or pot over medium heat. Heat the sugar, stirring constantly, until it melts and turns into a thick syrup. Be careful not to let the sugar burn.'),(3126300,3122034,'Once the sugar has melted and turned into a syrup, carefully dip each skewered fruit into the hot syrup, coating them evenly.'),(3126301,3122034,'Allow the coated fruit to cool and harden on a baking sheet lined with parchment paper or a silicone mat.'),(3126302,3122034,'Once the sugar coating has hardened, the Tanghulu is ready to serve. Enjoy!'),(3126303,3122035,'Preheat the oven to 180°C (350° F) set to fan.'),(3126304,3122035,'Cut the potatoes in half and finely chop ½ of the garlic.'),(3126305,3122035,'Transfer the potatoes and the garlic to a baking pan.'),(3126306,3122035,'In a bowl add the lemon juice, salt, pepper, and olive oil, and whisk them well. Keep the juiced lemons for the chicken.'),(3126307,3122035,'Add the oregano, mustard, and honey, and keep whisking until the ingredients are homogenized.'),(3126308,3122035,'Put the clove of garlic, salt, and pepper inside the chicken, and then put the chicken in the baking pan, over the potatoes.'),(3126309,3122035,'Tuck the chicken wings underneath so they don’t burn during baking.'),(3126310,3122035,'Rub the chicken with the lemons you used in the marinade to make its skin crispy.'),(3126311,3122035,'Pour the whole marinade over the chicken and the potatoes and spread it well with your hands, wearing gloves.'),(3126312,3122035,'Pour the water into the pan and tie the chicken thighs with some kitchen twine.'),(3126313,3122035,'Cover the pan with aluminum foil and transfer it to the oven.'),(3126314,3122035,'Bake the chicken for 45 minutes with the aluminum foil, uncover the pan and bake the chicken for another 45 minutes.'),(3126315,3122035,'Remove the baking pan from the oven and set it aside for 10-15 minutes to allow the chicken to rest.'),(3126316,3122035,'Remove the kitchen twine from the thighs and serve.'),(3126317,3122036,'Put the gelatin sheets into a bowl with a little cold water and set them aside to soften for 5-10 minutes.'),(3126318,3122036,'When softened, drain the gelatin sheets and set them aside.'),(3126319,3122036,'Place a pot with water over medium heat.'),(3126320,3122036,'In another bowl add the milk, sugar, cocoa powder, glucose, milk powder, vanilla extract, salt, and egg yolks.'),(3126321,3122036,'Place the bowl over the pot with the boiling water, creating a bain-marie, and whisk constantly until the mixture starts thickening or until it reaches 85°C (185°F). '),(3126322,3122036,'Remove the bowl from the heat, add the gelatin sheets, and whisk well until dissolved. \n'),(3126323,3122036,'Add the cold heavy cream and beat the mixture with an immersion blender until homogenized.'),(3126324,3122036,'Cover the bowl with plastic wrap and refrigerate it for 12 hours.'),(3126325,3122036,'Transfer the mixture to the ice cream maker until your ice cream is ready, for about 30-40 minutes.'),(3126326,3122037,'Mash bananas, mix with melted butter, sugar, eggs, and vanilla.'),(3126327,3122037,'Stir in flour mixture until just combined.'),(3126328,3122037,'Pour batter into greased loaf pan.'),(3126329,3122037,'Bake at 350°F (175°C) for 60 minutes.'),(3126330,3122038,'Mix crust ingredients, press into pan, and chill.'),(3126331,3122038,'Beat cream cheese and sugar until smooth.'),(3126332,3122038,'Add sour cream, eggs, and lemon juice, beat until combined.'),(3126333,3122038,'Pour filling over crust, bake at 325°F (160°C) for 70 minutes.'),(3126334,3122038,'Chill for at least 4 hours before serving.'),(3126335,3122039,'Chop lettuce, tomatoes, cucumber, and onion.'),(3126336,3122039,'Add feta cheese and whisk together olive oil, lemon juice, oregano, salt, and pepper for dressing.'),(3126337,3122039,'Toss salad with dressing, serve.'),(3126338,3122040,'Chop romaine lettuce, add croutons and Parmesan cheese.'),(3126339,3122040,'Blend olive oil, lemon juice, anchovies, garlic, mustard, Worcestershire sauce, salt, and pepper for dressing.'),(3126340,3122040,'Toss salad with dressing, serve.'),(3126341,3122041,'Mix olive oil, lemon juice, garlic, herbs, salt, and pepper for marinade.'),(3126342,3122041,'Brush marinade onto salmon fillets.'),(3126343,3122041,'Grill for 4-5 minutes per side until cooked through.'),(3126344,3122042,'Toast bread slices.'),(3126345,3122042,'Top with merenda and serve immediately.'),(3126346,3122043,'Mix milk powder, flour, and baking powder.'),(3126347,3122043,'Add water gradually to form a soft dough.'),(3126348,3122043,'Shape into small balls and fry until golden brown.'),(3126349,3122043,'Make sugar syrup with water and sugar.'),(3126350,3122043,'Soak fried balls in syrup and serve warm.'),(3126351,3122044,'Cook basmati rice and sauté onions, tomatoes, and vegetables.'),(3126352,3122044,'Add masala and yogurt.'),(3126353,3122044,'Layer cooked rice and vegetable mixture.'),(3126354,3122044,'Cook covered until flavors meld and serve hot.'),(3126355,3122045,'Prepare sponge cake batter.'),(3126356,3122045,'Bake and cool the cake.'),(3126357,3122045,'Mix evaporated milk, condensed milk, and heavy cream.'),(3126358,3122045,'Poke holes in the cake and pour milk mixture.'),(3126359,3122045,'Refrigerate to soak.'),(3126360,3122045,'Top with whipped cream before serving.'),(3126361,3122046,'Boil water, butter, and sugar.'),(3126362,3122046,'Stir in flour until smooth.'),(3126363,3122046,'Pipe dough into hot oil.'),(3126364,3122046,'Fry until golden brown.'),(3126365,3122046,'Roll in cinnamon sugar.'),(3126366,3122046,'Serve warm with chocolate sauce.'),(3126367,3122047,'Mix flour, sugar, and eggs. Add milk to form a dough. '),(3126368,3122047,'Roll out and cut into rounds.'),(3126369,3122047,'Fry until golden brown.'),(3126370,3122047,'Roll in cinnamon sugar and drizzle with honey.'),(3126371,3122048,'Layer phyllo dough and filling in a baking dish.'),(3126372,3122048,'Brush with egg wash.'),(3126373,3122048,'Bake until golden brown and crispy.'),(3126374,3122048,'Serve warm or at room temperature.'),(3126375,3122049,'Heat some olive oil in a large non-stick skillet over medium heat. Add the sliced potatoes and onions to the skillet. Season with salt and pepper. Cook, stirring occasionally, until the potatoes are tender and lightly golden brown, about 10-15 minutes.'),(3126376,3122049,'While the potatoes and onions are cooking, crack the eggs into a large mixing bowl. Season with salt and pepper and beat them lightly with a fork or whisk.'),(3126377,3122049,'Once the potatoes and onions are cooked, remove them from the skillet and drain any excess oil. Add them to the beaten eggs and gently stir to combine.'),(3126378,3122049,'Return the skillet to the heat and add a little more olive oil if needed. Pour the potato and egg mixture into the skillet, spreading it out evenly.'),(3126379,3122049,'Put the tortilla over medium-low heat until the bottom is set and golden brown, about 5-7 minutes. Then, slide the tortilla back into the skillet to cook the other side until set and golden brown, about 5-7 minutes more.'),(3126380,3122049,'Once the tortilla is cooked , remove it from the skillet and let it cool slightly before slicing into wedges. Serve warm or at room temperature as a delicious appetizer or light meal. Enjoy your Spanish Tortilla!'),(3126381,3122050,'Preheat the oven to 200°C (390° F) set to fan. '),(3126382,3122050,'Remove the leaves that are attached to the base of the cauliflowers, cut the cauliflowers into big steaks, 3 cm thick, and transfer them to a baking pan.'),(3126383,3122050,'Drizzle the cauliflower steaks with soy sauce and olive oil, sprinkle them with garlic powder, paprika, salt, and pepper, and mix them well with your hands to spread the seasoning over the whole surface of the steaks.'),(3126384,3122050,'Place a frying pan over medium heat and let it heat up well. '),(3126385,3122050,'Transfer the cauliflower steaks to the pan, in batches, and sauté them for 1-2 minutes on each side until they are nicely golden.'),(3126386,3122050,'Place the steaks back into the pan and then put the pan in the oven.'),(3126387,3122050,'Bake the cauliflower for 15-20 minutes, until it is tender. '),(3126388,3122050,'Remove the pan from the oven.'),(3126389,3122051,'Preheat the oven to 220°C (430° F) set to fan.'),(3126390,3122051,'Cut the mushrooms horizontally in half and put them in a baking pan with a rack, cut side facing up.'),(3126391,3122051,'Drizzle them with 2 tablespoons of olive oil, transfer the pan to the oven, and bake the mushrooms for 15 minutes.'),(3126392,3122051,'Remove the mushrooms from the oven, keep their juices in a bowl, and set the bowl aside along with the mushrooms placed on the rack.'),(3126393,3122051,'Place a frying pan with 1 tablespoon of olive oil over medium heat and allow it to heat up well.'),(3126394,3122051,'Coarsely chop the onion, peppers, garlic, and bacon, and add them to the pan.'),(3126395,3122051,'Add some salt and pepper, and sauté them for 10 minutes.'),(3126396,3122051,'Remove the pan from the heat, transfer the vegetables and the bacon to a chopping board, and finely chop them.'),(3126397,3122051,'Transfer the veggies and the bacon to a bowl, half of the mixed cheeses,  and mix them well with a spoon.'),(3126398,3122051,'Add the juices from the mushrooms you set aside and mix well.'),(3126399,3122051,'Preheat the oven to 220°C (430° F) set to broiler.'),(3126400,3122051,'Stuff the mushrooms with the filling and sprinkle them with the rest of the mixed cheeses.'),(3126401,3122051,'Transfer the pan with the rack and the mushrooms to the oven and bake them for 3-4 minutes until they are nicely golden.'),(3126402,3122051,'Alternatively, if you have a convection oven, bake the mushrooms at the same temperature for 10 minutes.'),(3126403,3122051,'Remove the pan from the oven and serve the mushrooms with rocket and olive oil.'),(3126404,3122052,'Place a saucepan over medium heat.'),(3126405,3122052,'Add the vinegar, water, sugar, peppercorns, and salt, and boil the mixture until the sugar melts.'),(3126406,3122052,'Thinly slice the onions with a knife or with a mandoline slicer, and add them to the saucepan. '),(3126407,3122052,'Stir with a spoon, remove the saucepan from the heat, and set it aside to cool. '),(3126408,3122052,'Add the onions to a jar, along with the juices of the saucepan, making sure that the juices cover the onions completely, then seal the jar airtight, and store it in the refrigerator. Store for about 2 months.'),(3126409,3122053,'Preheat the oven to 230°C (450°F) set to fan.'),(3126410,3122053,'Line a baking pan with parchment paper and set it aside. '),(3126411,3122053,'Peel the sweet potatoes, cut them into sticks, and transfer them to a bowl.'),(3126412,3122053,'Add the salt, pepper, olive oil, and paprika.'),(3126413,3122053,'Crush the garlic using the side of a knife, finely chop it, and add it to the bowl'),(3126414,3122053,'Mix them together with your hands, or with a spoon, and transfer the sweet potatoes to the pan, spreading them well.'),(3126415,3122053,'Put the pan in the oven and bake the sweet potatoes for 25-30 minutes, mixing them every 10 minutes. '),(3126416,3122053,'Remove the pan from the oven and set it aside.'),(3126417,3122054,'Preheat the oven to 180°C (350° F) set to fan.'),(3126418,3122054,'Use a knife to cut the sweet potatoes horizontally in half.'),(3126419,3122054,'Line a baking pan with parchment paper.'),(3126420,3122054,'Put the sweet potatoes in the pan and add 2 tablespoons of olive oil, salt, and pepper.'),(3126421,3122054,'Transfer the pan to the oven and bake the sweet potatoes for 45 minutes, until they are tender.'),(3126422,3122054,'Remove the pan from the oven.Use a spoon to take out most of each sweet potato’s flesh and then add it to a bowl.'),(3126423,3122054,'Add the cream cheese, thyme, spring onion, 2 tablespoons olive oil, salt, and pepper, and mix them with a spoon.'),(3126424,3122054,'Divide the filling among the sweet potatoes and create an indentation in the center to crack an egg into.'),(3126425,3122054,'Transfer the pan back into the oven and bake again for 10-15 minutes until the eggs are cooked through.'),(3126426,3122054,'Remove the sweet potatoes from the oven. Serve with the cherry tomatoes, a few fresh coriander leaves, salt, pepper, and a little olive oil.');
/*!40000 ALTER TABLE `steps` ENABLE KEYS */;
UNLOCK TABLES;

--
-- Table structure for table `theme`
--

DROP TABLE IF EXISTS `theme`;
/*!40101 SET @saved_cs_client     = @@character_set_client */;
/*!50503 SET character_set_client = utf8mb4 */;
CREATE TABLE `theme` (
  `Theme_Name` varchar(50) NOT NULL,
  `Theme_Description` text DEFAULT NULL,
  `Theme_ID` int(10) unsigned NOT NULL AUTO_INCREMENT,
  PRIMARY KEY (`Theme_ID`)
) ENGINE=InnoDB AUTO_INCREMENT=9 DEFAULT CHARSET=utf8mb4 COLLATE=utf8mb4_general_ci;
/*!40101 SET character_set_client = @saved_cs_client */;

--
-- Dumping data for table `theme`
--

LOCK TABLES `theme` WRITE;
/*!40000 ALTER TABLE `theme` DISABLE KEYS */;
INSERT INTO `theme` VALUES ('Traditional_Dishes','It features classic recipes that reflect cultural heritage and are cherished for their timeless flavors.',1),('Family_Favourites','It showcases beloved recipes that hold a special place in the hearts of families, offering comfort, nostalgia, and a taste of home in every bite.\n',2),('Formal_Dinner','It features classy and impressive recipes that would impress the guests in a formal dinner setting.',3),('Healthy_Recipes','It features dishes that are rich in nutrients and are made of a variety of fresh ingredients.',4),('Kid_Friendly','Kids usually love these dishes!',5),('For_Students','Easy, quick and cheap recipes that would be suitable for a college student.',6),('On_A_Budget','Affordable recipes.',7),('Suitable_for_friendgroups','Flavorfull dishes that are easily cooked in bigger portions and they can accompany a friend gathering.',8);
/*!40000 ALTER TABLE `theme` ENABLE KEYS */;
UNLOCK TABLES;

--
-- Table structure for table `tip`
--

DROP TABLE IF EXISTS `tip`;
/*!40101 SET @saved_cs_client     = @@character_set_client */;
/*!50503 SET character_set_client = utf8mb4 */;
CREATE TABLE `tip` (
  `Tip_ID` int(10) unsigned NOT NULL AUTO_INCREMENT,
  `Tip_Text` text DEFAULT NULL,
  `Recipe_ID` int(10) unsigned NOT NULL,
  PRIMARY KEY (`Tip_ID`),
  KEY `fk_tip_recipe` (`Recipe_ID`),
  CONSTRAINT `fk_tip_recipe` FOREIGN KEY (`Recipe_ID`) REFERENCES `recipe` (`Recipe_ID`) ON UPDATE CASCADE
) ENGINE=InnoDB AUTO_INCREMENT=3133067 DEFAULT CHARSET=utf8mb4 COLLATE=utf8mb4_general_ci;
/*!40101 SET character_set_client = @saved_cs_client */;

--
-- Dumping data for table `tip`
--

LOCK TABLES `tip` WRITE;
/*!40000 ALTER TABLE `tip` DISABLE KEYS */;
INSERT INTO `tip` VALUES (3133001,'Consider making a larger batch of lasagna and freezing individual portions for later use.',3122001),(3133002,'Marinate the chicken in the teriyaki sauce for at least 30 minutes before cooking',3122002),(3133003,' Adjust the sweetness of the sauce to your preference.',3122002),(3133004,'You can do the same recipe without the feta for a dairy-free version.',3122003),(3133005,'You shouldn\'t make croissants when it\'s hot outside!',3122004),(3133006,'Be sure that you roll the dough to the correct dimensions.',3122004),(3133007,'While cheddar cheese is a classic choice, you can also incorporate other varieties such as Gruyère, mozzarella, or Parmesan. ',3122005),(3133008,'Use freshly shredded cheese rather than pre-shredded cheese, because it melts more smoothly.',3122006),(3133009,'Make sure to cut the vegetables into uniform sizes to ensure even cooking.',3122007),(3133010,'Soak cut potatoes in cold water for 30 minutes before frying for crispier fries.',3122008),(3133011,'Parboil potato chunks for 5 minutes before roasting for extra crispiness.',3122009),(3133012,'Cook the omelette over low to medium heat in a non-stick skillet for best results.',3122010),(3133013,'When flipping the omelette, use a plate to cover the skillet and turn it over for even cooking and a golden-brown finish.',3122010),(3133014,'Marinate your beef slices in soy sauce, garlic, and ginger for at least 30 minutes before cooking to enhance flavor.',3122013),(3133015,'Use puff pastry dough for a flaky crust, and sprinkle a bit of cinnamon sugar on top before baking for extra flavor.',3122014),(3133016,'Chill the dough for at least an hour before baking to prevent spreading and ensure a chewy texture.',3122015),(3133017,'Toast your bread slices with a drizzle of olive oil before topping with the tomato mixture for added crunch and flavor.',3122016),(3133018,'Use a combination of dried porcini mushrooms and fresh mushrooms for a deeper, earthier flavor.',3122017),(3133019,'Add a squeeze of lime juice and a sprinkle of fresh cilantro to your tacos for a burst of freshness and flavor.',3122018),(3133020,'Finish the dish with a touch of lemon zest and freshly grated Parmesan cheese to brighten up the flavors and add richness.',3122019),(3133021,'To prevent the blueberries from sinking to the bottom of the muffins, toss them in a little flour before folding them into the batter.',3122020),(3133022,'Customize toppings: Sprinkle some coarse sugar or oats on top of the muffins before baking for added texture and sweetness.',3122020),(3133025,' Ensure that the oil is hot enough before adding the breaded cutlets. The oil should be shimmering and sizzle when you add a small piece of bread crumb. ',3122012),(3133026,'When layering the phyllo dough, keep it covered with a damp kitchen towel or plastic wrap to prevent it from drying out. ',3122022),(3133027,'When cooking the onion and tomato mixture, allow it to cook down until the raw flavors are eliminated and the mixture becomes thick and rich. ',3122023),(3133028,'For a richer flavor, you can substitute some of the whole milk with condensed milk or evaporated milk. Adjust the amount of sugar accordingly.',3122024),(3133029,'Use the freshest and ripest tomatoes and mozzarella cheese you can find for the best flavor. ',3122025),(3133030,'Tear the basil leaves rather than cutting them to release their full aroma.',3122025),(3133031,'Spread some cream cheese over the bottom half, and add smoked salmon, pickled cucumber, rocket, olive oil, and pepper. ENJOYYY!',3122026),(3133032,'Mochi dough can be quite sticky, making it challenging to work with. To prevent the dough from sticking to your hands and tools, keep them moistened. You can lightly wet your hands with water or oil before handling the dough. Additionally, moisten any utensils or surfaces you\'re using with water or cornstarch to prevent sticking. This will make shaping and cutting the mochi much easier and less messy.',3122026),(3133033,'You can customize these Parmesan crisps by adding other seasonings or herbs such as rosemary, thyme, or paprika for extra flavor.',3122028),(3133034,'For extra flavor, you can add a clove of garlic or a small piece of onion to the gazpacho before blending.',3122029),(3133035,'For extra flavor and richness, you can sprinkle grated cheese over the Şakşuka with Eggs before covering the skillet to cook the eggs.',3122030),(3133036,'Serve the Şakşuka with Eggs with crusty bread or pita for dipping into the runny egg yolks, or alongside a fresh salad for a complete and satisfying meal!',3122030),(3133037,'Best served with  sesame seeds and fresh coriander leaves, and serve with lime slices! ',3122032),(3133038,'For extra flavor, you can add chopped pickles or apple slices to the Kartoffelsalat for a tangy twist.',3122031),(3133039,'To ensure that the poached eggs retain their shape, use fresh eggs and avoid vigorously boiling the water.',3122033),(3133040,'You can customize Tanghulu by using a variety of fresh fruits such as strawberries, grapes, kiwi, pineapple chunks, or even small oranges or mandarins.',3122034),(3133041,'For added freshness, sprinkle some freshly chopped oregano on top before serving!',3122035),(3133042,'Serve the gelato with crushed hazelnuts and mint leaves!',3122036),(3133043,'Use very ripe bananas for maximum flavor and sweetness.',3122037),(3133044,'Let the banana bread cool in the pan for a few minutes before transferring to a wire rack to cool completely.',3122037),(3133045,'Make sure all the ingredients are at room temperature to prevent lumps in the cheesecake batter.',3122038),(3133046,'Cut the vegetables into bite-sized pieces for easy eating.',3122039),(3133047,'Make the dressing ahead of time to allow the flavors to meld.',3122039),(3133048,'Serve the salad immediately after tossing to prevent the lettuce from wilting.',3122040),(3133049,'Pat the salmon fillets dry with paper towels before marinating to ensure even seasoning and better caramelization',3122041),(3133050,'Let the salmon rest for a few minutes after grilling to allow the juices to redistribute before serving.',3122041),(3133051,'Use crusty bread for the best texture and flavor.',3122042),(3133052,'Ensure the oil is not too hot while frying to prevent burning.\n',3122043),(3133053,'Make sure the sugar syrup is warm when soaking the Gulab Jamun to allow them to absorb the syrup evenly.',3122043),(3133054,'Soak basmati rice for at least 30 minutes before cooking to ensure fluffy grains.',3122044),(3133055,'Use a heavy-bottomed pot to prevent burning.',3122044),(3133056,'Refrigerate the cake for a few hours or overnight to allow it to absorb the milk mixture fully.',3122045),(3133057,'Dust churros with cinnamon sugar immediately after frying while they\'re still warm for better adherence.',3122046),(3133058,'Roll out the dough thinly for crispier bunuelos.',3122047),(3133059,'Fry bunuelos in small batches to prevent overcrowding and ensure even cooking',3122047),(3133060,'Use a damp towel to cover phyllo dough sheets while working to prevent them from drying out.',3122048),(3133061,'Add fresh ciliadro to take off!',3122049),(3133062,'Watch out. You might wan to be vegan after that!',3122050),(3133063,'Removing excess moisture helps prevent the mushrooms from becoming soggy during baking and allows the filling to adhere better to the caps, resulting in a firmer texture and richer flavor.',3122051),(3133064,'You can customize the flavor by adding spices or herbs like peppercorns, garlic, or thyme to the pickling liquid. Enjoy your tangy and flavorful pickled onions on sandwiches, salads, tacos, or as a tasty condiment!',3122052),(3133065,'void overcrowding the pan, as this can cause the fries to steam rather than crisp up. Enjoy your perfectly baked sweet potato fries!',3122053),(3133066,'Season the sweet potatoes well before baking them. Sprinkling them with salt, pepper, and any other desired spices or herbs enhances their flavor and adds depth to the dish. You can also brush them with a bit of olive oil or melted butter for added richness and to help them crisp up in the oven. This simple step elevates the overall taste of the dish and ensures that every bite is packed with delicious flavor.',3122054);
/*!40000 ALTER TABLE `tip` ENABLE KEYS */;
UNLOCK TABLES;
/*!40103 SET TIME_ZONE=@OLD_TIME_ZONE */;

/*!40101 SET SQL_MODE=@OLD_SQL_MODE */;
/*!40014 SET FOREIGN_KEY_CHECKS=@OLD_FOREIGN_KEY_CHECKS */;
/*!40014 SET UNIQUE_CHECKS=@OLD_UNIQUE_CHECKS */;
/*!40101 SET CHARACTER_SET_CLIENT=@OLD_CHARACTER_SET_CLIENT */;
/*!40101 SET CHARACTER_SET_RESULTS=@OLD_CHARACTER_SET_RESULTS */;
/*!40101 SET COLLATION_CONNECTION=@OLD_COLLATION_CONNECTION */;
/*!40111 SET SQL_NOTES=@OLD_SQL_NOTES */;

-- Dump completed on 2024-05-26 14:10:02
